{"incre_win_rate": 0.0, "_timestamp": 1716359106.2749164, "value_loss": 0.001565060632613798, "policy_loss": -0.05426229560448803, "dist_entropy": 0.5565772891044617, "actor_grad_norm": 0.4612458348274231, "critic_grad_norm": 0.06934750080108643, "ratio": 0.9892957210540771, "dead_ratio": 0.5577557755775577, "reward_predicting_loss": 4.062157154083252, "shaping_weight": 1.0, "average_step_rewards": 0.09399665892124176, "eval_average_episode_rewards": 1.3150684931506849, "eval_win_rate": 0.0, "_runtime": 3923.3717403411865, "_step": 145100}