{"incre_win_rate": 0.851063829787234, "_timestamp": 1717093151.1922536, "value_loss": 0.13686096668243408, "policy_loss": -0.016959430587788423, "dist_entropy": 0.3421389798323313, "actor_grad_norm": 0.2507226765155792, "critic_grad_norm": 0.6116484999656677, "ratio": 1.0063164234161377, "dead_ratio": 0.1452145214521452, "average_step_rewards": -0.4273972511291504, "eval_average_episode_rewards": 20.0, "eval_win_rate": 1.0, "_runtime": 1128.5815765857697, "_step": 73100}