{"incre_win_rate": 0.018867924528301886, "_timestamp": 1717093152.4523044, "value_loss": 0.00572855065887173, "policy_loss": -0.025622703542482483, "dist_entropy": 0.3122674306233724, "actor_grad_norm": 0.4320676028728485, "critic_grad_norm": 0.0722208246588707, "ratio": 1.0047887563705444, "dead_ratio": 0.14851485148514854, "average_step_rewards": -2.2323286533355713, "eval_average_episode_rewards": 7.671232876712328, "eval_win_rate": 0.0, "_runtime": 1129.8259363174438, "_step": 73100}