{"average_shape_value": 2.328767123287671, "_timestamp": 1716660363.7755866, "incre_win_rate": 0.0, "value_loss": 0.0062758287725349264, "policy_loss": -0.043240221443326315, "dist_entropy": 0.7285837451616923, "actor_grad_norm": 0.35932397842407227, "critic_grad_norm": 0.0733594298362732, "ratio": 0.9941874742507935, "dead_ratio": 0.18811881188118806, "average_step_rewards": -0.7523288130760193, "eval_average_episode_rewards": 3.6164383561643834, "eval_win_rate": 0.0, "_runtime": 1055.6078464984894, "_step": 82000}