{"incre_win_rate": 0.2826086956521739, "_timestamp": 1717093159.5379934, "value_loss": 0.27877793510754906, "policy_loss": -0.016932891372331227, "dist_entropy": 0.30704445640246075, "actor_grad_norm": 0.26586538553237915, "critic_grad_norm": 0.6774590015411377, "ratio": 0.9990273714065552, "dead_ratio": 0.16831683168316836, "average_step_rewards": -0.6569862961769104, "eval_average_episode_rewards": 20.0, "eval_win_rate": 1.0, "_runtime": 1136.9114065170288, "_step": 50100}