{"average_shape_value": NaN, "_timestamp": 1716643384.6648679, "incre_win_rate": 0.0, "value_loss": 0.3600891371568044, "policy_loss": -0.03446716473748287, "dist_entropy": 1.683215816815694, "actor_grad_norm": 0.48847776651382446, "critic_grad_norm": 1.7838467359542847, "ratio": 0.9988983273506165, "dead_ratio": 0.363036303630363, "average_step_rewards": 0.036164380609989166, "eval_average_episode_rewards": 0.6575342465753424, "eval_win_rate": 0.0, "_runtime": 17.30740785598755, "_step": 300, "_wandb": {"runtime": 17}}