{"average_shape_value": 1.1739726027397261, "_timestamp": 1716643314.7251918, "incre_win_rate": 0.0, "value_loss": 0.0032743774975339574, "policy_loss": -0.029127009887618273, "dist_entropy": 0.7239847819010417, "actor_grad_norm": 0.3464091718196869, "critic_grad_norm": 0.2668101191520691, "ratio": 0.995315670967102, "dead_ratio": 0.20792079207920788, "average_step_rewards": -0.38082191348075867, "eval_average_episode_rewards": 3.9999999999999996, "eval_win_rate": 0.0, "_runtime": 310.0437948703766, "_step": 22700}