{"incre_win_rate": 1.0, "_timestamp": 1716373764.9863172, "value_loss": 0.00037496029981411996, "policy_loss": -2.248047169253198e-05, "dist_entropy": 0.07654537806908289, "actor_grad_norm": 0.2797797918319702, "critic_grad_norm": 0.014265893958508968, "ratio": 0.9999991655349731, "dead_ratio": 0.0066006600660065695, "average_step_rewards": 1.0268890857696533, "eval_average_episode_rewards": 20.0, "eval_win_rate": 1.0, "_runtime": 14112.115055084229, "_step": 999100, "_wandb": {"runtime": 14125}}