{"incre_win_rate": 0.0, "_timestamp": 1716972162.0199084, "value_loss": 0.05707715352376302, "policy_loss": -0.042560650882269374, "dist_entropy": 0.721731694539388, "actor_grad_norm": 0.5209316611289978, "critic_grad_norm": 1.0014883279800415, "ratio": 1.018826961517334, "dead_ratio": 0.323019801980198, "average_step_rewards": -0.9140625, "eval_average_episode_rewards": 4.5, "eval_win_rate": 0.0, "_runtime": 622.6857454776764, "_step": 27700, "cluster_avg_value": 1.009374976158142}