{"incre_win_rate": 0.14814814814814814, "_timestamp": 1716992766.1723363, "value_loss": 0.05142115776737531, "policy_loss": -0.04318167550275878, "dist_entropy": 0.33016602794329325, "actor_grad_norm": 0.4162524938583374, "critic_grad_norm": 0.25696253776550293, "ratio": 0.9981878995895386, "dead_ratio": 0.28341584158415845, "average_step_rewards": 0.32875001430511475, "eval_average_episode_rewards": 10.28125, "eval_win_rate": 0.0, "_runtime": 20503.403442382812, "_step": 925100}