{"incre_win_rate": 0.8043478260869565, "_timestamp": 1717219191.5123563, "value_loss": 0.05756916974981626, "policy_loss": -0.03498520082023783, "dist_entropy": 0.36354940533638, "actor_grad_norm": 0.2920853793621063, "critic_grad_norm": 0.4119377136230469, "ratio": 0.9973486065864563, "dead_ratio": 0.09900990099009899, "average_step_rewards": -0.18739727139472961, "eval_average_episode_rewards": 20.0, "eval_win_rate": 1.0, "_runtime": 2501.259800195694, "_step": 201100}