{"incre_win_rate": 0.7804878048780488, "_timestamp": 1716452370.1012037, "value_loss": 0.04778385857741038, "policy_loss": -0.018646405853031685, "dist_entropy": 0.31602117816607156, "actor_grad_norm": 0.22415344417095184, "critic_grad_norm": 0.603171706199646, "ratio": 1.009164810180664, "dead_ratio": 0.05940594059405946, "reward_predicting_loss": 57.88749694824219, "shaping_weight": 1.0, "average_step_rewards": 0.952436089515686, "eval_average_episode_rewards": 20.0, "eval_win_rate": 1.0, "_runtime": 2641.9603576660156, "_step": 162100}