{"incre_win_rate": 1.0, "_timestamp": 1716350638.4505775, "value_loss": 0.00028965689901572965, "policy_loss": -3.01512074475004e-05, "dist_entropy": 0.09536389211813609, "actor_grad_norm": 0.5055425763130188, "critic_grad_norm": 0.011334339156746864, "ratio": 0.9999683499336243, "dead_ratio": 0.0, "reward_predicting_loss": 434.9051513671875, "shaping_weight": 1.6860386382974138e-28, "average_step_rewards": 1.009863018989563, "eval_average_episode_rewards": 20.0, "eval_win_rate": 1.0, "_runtime": 55190.64393043518, "_step": 1999100, "_wandb": {"runtime": 55200}}