{"average_shape_value": 0.2570622107089942, "_timestamp": 1716642554.6058009, "incre_win_rate": 0.0, "value_loss": 0.011801003602643807, "policy_loss": -0.04618606408731545, "dist_entropy": 1.4493006547292073, "actor_grad_norm": 0.4535083472728729, "critic_grad_norm": 0.5993110537528992, "ratio": 0.9940298199653625, "dead_ratio": 0.22112211221122113, "average_step_rewards": -0.12413111329078674, "eval_average_episode_rewards": 0.9863013698630136, "eval_win_rate": 0.0, "_runtime": 48.17692494392395, "_step": 2700}