{"average_shape_value": 0.2254357530587951, "_timestamp": 1716642555.0041258, "incre_win_rate": 0.0, "value_loss": 0.04050490235288938, "policy_loss": -0.04448353980728328, "dist_entropy": 1.4722516377766928, "actor_grad_norm": 0.3914453387260437, "critic_grad_norm": 0.677457332611084, "ratio": 1.0096876621246338, "dead_ratio": 0.25742574257425743, "average_step_rewards": -0.19934304058551788, "eval_average_episode_rewards": 1.6438356164383563, "eval_win_rate": 0.0, "_runtime": 48.30793571472168, "_step": 2500}