{"average_shape_value": 0.7397260273972602, "_timestamp": 1716660680.9060347, "incre_win_rate": 0.0, "value_loss": 0.01579856319973866, "policy_loss": -0.03834410270433063, "dist_entropy": 0.6863229195276896, "actor_grad_norm": 0.5360475778579712, "critic_grad_norm": 0.13281218707561493, "ratio": 0.9812757968902588, "dead_ratio": 0.2277227722772277, "average_step_rewards": -0.9057533740997314, "eval_average_episode_rewards": 6.684931506849314, "eval_win_rate": 0.0, "_runtime": 212.85325360298157, "_step": 15900}