{"incre_win_rate": 0.022222222222222223, "_timestamp": 1716359576.353019, "value_loss": 0.07700499345858892, "policy_loss": -0.04799032521443299, "dist_entropy": 1.0983763138453166, "actor_grad_norm": 0.4601496756076813, "critic_grad_norm": 1.2565901279449463, "ratio": 1.0001184940338135, "dead_ratio": 0.20792079207920788, "average_step_rewards": 0.2915903925895691, "eval_average_episode_rewards": 7.671232876712327, "eval_win_rate": 0.0, "_runtime": 78.95409798622131, "_step": 5100}