{"incre_win_rate": 1.0, "_timestamp": 1716355152.6282678, "value_loss": 0.00011093360517406836, "policy_loss": -7.282760414654514e-06, "dist_entropy": 0.04050529400507609, "actor_grad_norm": 0.16689415276050568, "critic_grad_norm": 0.011553182266652584, "ratio": 0.9999969601631165, "dead_ratio": 0.0, "reward_predicting_loss": 569.2427368164062, "shaping_weight": 1.6860386382974138e-28, "average_step_rewards": 1.136986255645752, "eval_average_episode_rewards": 20.0, "eval_win_rate": 1.0, "_runtime": 59704.71860766411, "_step": 1999100, "_wandb": {"runtime": 59720}}