{"incre_win_rate": 1.0, "_timestamp": 1717138497.28727, "value_loss": 0.0017400500752652686, "policy_loss": -4.5611096766151604e-05, "dist_entropy": 0.1097558284799258, "actor_grad_norm": 0.6850143671035767, "critic_grad_norm": 0.010801021941006184, "ratio": 1.0000108480453491, "dead_ratio": 0.0363036303630363, "average_step_rewards": 1.0, "eval_average_episode_rewards": 20.0, "eval_win_rate": 1.0, "_runtime": 45299.368121147156, "_step": 1999100, "_wandb": {"runtime": 45314}}