{"incre_win_rate": 0.3333333333333333, "_timestamp": 1716399378.4902775, "value_loss": 0.1439391056696574, "policy_loss": -0.036060726686957284, "dist_entropy": 0.39516658782958985, "actor_grad_norm": 0.41670042276382446, "critic_grad_norm": 1.3625149726867676, "ratio": 1.0011746883392334, "dead_ratio": 0.25742574257425743, "reward_predicting_loss": 173.53216552734375, "shaping_weight": 0.9999898672103882, "average_step_rewards": 1.0277392864227295, "eval_average_episode_rewards": 19.999999999999996, "eval_win_rate": 1.0, "_runtime": 949.6629645824432, "_step": 35100}