{"incre_win_rate": 0.0, "_timestamp": 1716294056.4203513, "value_loss": 0.1095070665081342, "policy_loss": -0.04155873966362312, "dist_entropy": 1.5597860892613729, "actor_grad_norm": 0.46724647283554077, "critic_grad_norm": 1.4924179315567017, "ratio": 1.00283682346344, "dead_ratio": 0.29702970297029707, "reward_predicting_loss": 33.29719924926758, "shaping_weight": 0.0, "average_step_rewards": 0.1019178107380867, "eval_average_episode_rewards": 3.671232876712329, "eval_win_rate": 0.0, "_runtime": 30.275689363479614, "_step": 1100}