{"incre_win_rate": 1.0, "_timestamp": 1717139238.2975976, "value_loss": 0.008977809672554333, "policy_loss": -9.334623855143201e-06, "dist_entropy": 0.25309682488441465, "actor_grad_norm": 0.2533394694328308, "critic_grad_norm": 0.03448493406176567, "ratio": 0.9999943375587463, "dead_ratio": 0.09240924092409242, "average_step_rewards": 0.8668492436408997, "eval_average_episode_rewards": 19.999999999999996, "eval_win_rate": 1.0, "_runtime": 46040.29713654518, "_step": 1999100, "_wandb": {"runtime": 46059}}