{"average_shape_value": 1.0986301369863012, "_timestamp": 1716643314.710682, "incre_win_rate": 0.0, "value_loss": 0.048183143883943555, "policy_loss": -0.049547348393710895, "dist_entropy": 0.6588626186052958, "actor_grad_norm": 0.47053250670433044, "critic_grad_norm": 0.22944489121437073, "ratio": 1.0055592060089111, "dead_ratio": 0.23102310231023104, "average_step_rewards": -1.4378082752227783, "eval_average_episode_rewards": 2.6301369863013697, "eval_win_rate": 0.0, "_runtime": 309.89730882644653, "_step": 23200}