{"incre_win_rate": 0.3902439024390244, "_timestamp": 1717219190.0138474, "value_loss": 0.12336877286434174, "policy_loss": -0.03701768251873976, "dist_entropy": 0.3824491024017334, "actor_grad_norm": 0.3246658444404602, "critic_grad_norm": 0.24024203419685364, "ratio": 0.9918879866600037, "dead_ratio": 0.12871287128712872, "average_step_rewards": -0.5983561873435974, "eval_average_episode_rewards": 20.0, "eval_win_rate": 1.0, "_runtime": 2499.7290823459625, "_step": 201100}