{"incre_win_rate": 0.06666666666666667, "_timestamp": 1716245261.096651, "value_loss": 0.03551976568996906, "policy_loss": -0.058479833105946476, "dist_entropy": 0.881262997786204, "actor_grad_norm": 0.5147222876548767, "critic_grad_norm": 0.9864694476127625, "ratio": 0.9944977164268494, "dead_ratio": 0.18481848184818483, "average_step_rewards": 0.10849315673112869, "eval_average_episode_rewards": 6.246575342465753, "eval_win_rate": 0.2, "_runtime": 251.99174809455872, "_step": 20100}