{"incre_win_rate": 0.5348837209302325, "_timestamp": 1716399367.0312972, "value_loss": 0.3247527241706848, "policy_loss": -0.023866371673603483, "dist_entropy": 0.3918609301249186, "actor_grad_norm": 0.314742773771286, "critic_grad_norm": 0.5974370241165161, "ratio": 1.00559663772583, "dead_ratio": 0.13201320132013206, "reward_predicting_loss": 388.22998046875, "shaping_weight": 0.9999833106994629, "average_step_rewards": 1.0671838521957397, "eval_average_episode_rewards": 7.013698630136983, "eval_win_rate": 0.0, "_runtime": 938.3354272842407, "_step": 34100}