{"incre_win_rate": 0.1951219512195122, "_timestamp": 1716399774.8263266, "value_loss": 0.27323848803838097, "policy_loss": -0.030092702569857247, "dist_entropy": 0.5448742111523946, "actor_grad_norm": 0.32294005155563354, "critic_grad_norm": 1.1551593542099, "ratio": 0.9772486090660095, "dead_ratio": 0.17821782178217827, "average_step_rewards": 0.4127863049507141, "eval_average_episode_rewards": 8.328767123287669, "eval_win_rate": 0.0, "_runtime": 1612.5342814922333, "_step": 87100}