{"incre_win_rate": 0.0, "_timestamp": 1716452362.6785958, "value_loss": 0.005903342583527167, "policy_loss": -0.025213683120456368, "dist_entropy": 0.3031991799672445, "actor_grad_norm": 0.2668180465698242, "critic_grad_norm": 0.2685540020465851, "ratio": 0.9960891008377075, "dead_ratio": 0.26732673267326734, "reward_predicting_loss": 14.1801118850708, "shaping_weight": 1.0, "average_step_rewards": -0.07125350832939148, "eval_average_episode_rewards": 1.6438356164383563, "eval_win_rate": 0.0, "_runtime": 2634.4528818130493, "_step": 164100}