{"incre_win_rate": 0.9803921568627451, "_timestamp": 1716383418.8012393, "value_loss": 0.0008072803146205842, "policy_loss": -0.00017915719148001348, "dist_entropy": 0.13734346628189087, "actor_grad_norm": 0.6947733163833618, "critic_grad_norm": 0.03218701481819153, "ratio": 0.9999439120292664, "dead_ratio": 0.02640264026402639, "average_step_rewards": 1.016438364982605, "eval_average_episode_rewards": 20.0, "eval_win_rate": 1.0, "_runtime": 13564.2040412426, "_step": 999100, "_wandb": {"runtime": 13573}}