{"average_shape_value": 2.0410958904109586, "_timestamp": 1716644183.1333797, "incre_win_rate": 0.0, "value_loss": 0.0116146311784784, "policy_loss": -0.046980829646104345, "dist_entropy": 0.6106094519297282, "actor_grad_norm": 0.4594888687133789, "critic_grad_norm": 0.40101364254951477, "ratio": 1.0038979053497314, "dead_ratio": 0.22112211221122113, "average_step_rewards": -1.148767113685608, "eval_average_episode_rewards": 3.342465753424657, "eval_win_rate": 0.0, "_runtime": 589.608550786972, "_step": 45300}