{"average_shape_value": 4.153424657534247, "_timestamp": 1716660363.992694, "incre_win_rate": 0.0, "value_loss": 0.022213226556777953, "policy_loss": -0.05055204399782257, "dist_entropy": 0.776270846525828, "actor_grad_norm": 0.4343840479850769, "critic_grad_norm": 0.09315627068281174, "ratio": 1.018185019493103, "dead_ratio": 0.14191419141914197, "average_step_rewards": -2.010411024093628, "eval_average_episode_rewards": 3.6164383561643834, "eval_win_rate": 0.0, "_runtime": 1055.8106768131256, "_step": 83000}