{"incre_win_rate": 0.627906976744186, "_timestamp": 1717157429.114665, "value_loss": 0.5400402386983235, "policy_loss": -0.026157015095767792, "dist_entropy": 0.23062202235062917, "actor_grad_norm": 0.31131914258003235, "critic_grad_norm": 0.9235843420028687, "ratio": 1.0649187564849854, "dead_ratio": 0.1815181518151815, "average_step_rewards": -0.23999999463558197, "eval_average_episode_rewards": 20.0, "eval_win_rate": 1.0, "_runtime": 1963.1077599525452, "_step": 154100}