{"incre_win_rate": 0.8157894736842105, "_timestamp": 1716359126.2229075, "value_loss": 0.036905834327141444, "policy_loss": -0.026418408522940952, "dist_entropy": 0.2325077583392461, "actor_grad_norm": 0.25373443961143494, "critic_grad_norm": 0.22671326994895935, "ratio": 0.9834373593330383, "dead_ratio": 0.06930693069306926, "reward_predicting_loss": 513.5320434570312, "shaping_weight": 1.0, "average_step_rewards": 1.4096840620040894, "eval_average_episode_rewards": 7.013698630136983, "eval_win_rate": 0.0, "_runtime": 4228.925621509552, "_step": 156100}