{"incre_win_rate": 1.0, "_timestamp": 1716354777.7692695, "value_loss": 0.001006011579496165, "policy_loss": -4.254195967791456e-05, "dist_entropy": 0.10449062883853913, "actor_grad_norm": 0.7706575393676758, "critic_grad_norm": 0.026447569951415062, "ratio": 0.999985933303833, "dead_ratio": 0.0363036303630363, "reward_predicting_loss": 493.98931884765625, "shaping_weight": 0.0, "average_step_rewards": 1.0, "eval_average_episode_rewards": 20.0, "eval_win_rate": 1.0, "_runtime": 59594.875972509384, "_step": 1999100, "_wandb": {"runtime": 59617}}