{"incre_win_rate": 0.0425531914893617, "_timestamp": 1717093161.00794, "value_loss": 0.09787765741348267, "policy_loss": -0.025087423229827266, "dist_entropy": 0.2520483543475469, "actor_grad_norm": 0.30218642950057983, "critic_grad_norm": 0.6970425248146057, "ratio": 1.002821922302246, "dead_ratio": 0.2277227722772277, "average_step_rewards": -1.547397255897522, "eval_average_episode_rewards": 4.986301369863012, "eval_win_rate": 0.0, "_runtime": 1138.392256975174, "_step": 50100}