{"incre_win_rate": 0.0, "_timestamp": 1716295406.6332052, "value_loss": 0.07619702642162642, "policy_loss": -0.03731330934376231, "dist_entropy": 1.5418857256571452, "actor_grad_norm": 0.4532274603843689, "critic_grad_norm": 1.152995228767395, "ratio": 0.9938064813613892, "dead_ratio": 0.21452145214521456, "reward_predicting_loss": 10.424439430236816, "shaping_weight": 0.00407013762742281, "average_step_rewards": 0.18683165311813354, "eval_average_episode_rewards": 20.0, "eval_win_rate": 1.0, "_runtime": 47.54057812690735, "_step": 1100}