{"incre_win_rate": 0.6829268292682927, "_timestamp": 1716456880.4616597, "value_loss": 0.25287179946899413, "policy_loss": -0.032484523906965164, "dist_entropy": 0.34346702297528586, "actor_grad_norm": 0.29144689440727234, "critic_grad_norm": 0.3858116865158081, "ratio": 0.9920404553413391, "dead_ratio": 0.09570957095709576, "reward_predicting_loss": 57.01228713989258, "shaping_weight": 1.0, "average_step_rewards": 1.2061909437179565, "eval_average_episode_rewards": 20.0, "eval_win_rate": 1.0, "_runtime": 5094.0445466041565, "_step": 325100}