{"average_shape_value": 1.5260273815834355, "_timestamp": 1716643314.7706392, "incre_win_rate": 0.0, "value_loss": 0.7580313523610432, "policy_loss": -0.056558660140165175, "dist_entropy": 0.8474798997243246, "actor_grad_norm": 0.48431167006492615, "critic_grad_norm": 1.4664510488510132, "ratio": 0.993172287940979, "dead_ratio": 0.1815181518151815, "average_step_rewards": -0.8145198822021484, "eval_average_episode_rewards": 5.9726027397260255, "eval_win_rate": 0.0, "_runtime": 310.0462851524353, "_step": 23300}