{"incre_win_rate": 0.9361702127659575, "_timestamp": 1716293743.5895247, "value_loss": 0.01116435651977857, "policy_loss": -0.007427208796814, "dist_entropy": 0.12373994092146555, "actor_grad_norm": 0.24853208661079407, "critic_grad_norm": 0.22312794625759125, "ratio": 1.0023716688156128, "dead_ratio": 0.01980198019801982, "reward_predicting_loss": 510.2156677246094, "average_step_rewards": 1.475677728652954, "eval_average_episode_rewards": 20.0, "eval_win_rate": 1.0, "_runtime": 23937.508442640305, "_step": 1599100}