{"incre_win_rate": 0.0, "_timestamp": 1717219191.7263005, "value_loss": 0.028021565328041714, "policy_loss": -0.018515179113760875, "dist_entropy": 0.17143059074878692, "actor_grad_norm": 0.1770591288805008, "critic_grad_norm": 0.2457309514284134, "ratio": 0.989924967288971, "dead_ratio": 0.09570957095709576, "average_step_rewards": -0.672328770160675, "eval_average_episode_rewards": 6.301369863013698, "eval_win_rate": 0.0, "_runtime": 2501.47486948967, "_step": 203100}