{"incre_win_rate": 0.9821428571428571, "_timestamp": 1717092100.37108, "value_loss": 0.7231839776039124, "policy_loss": -2.0662803342090068e-05, "dist_entropy": 0.033886660387118656, "actor_grad_norm": 0.22473981976509094, "critic_grad_norm": 1.3903034925460815, "ratio": 0.9999979734420776, "dead_ratio": 0.05610561056105612, "average_step_rewards": -0.4290410280227661, "eval_average_episode_rewards": 7.287671232876714, "eval_win_rate": 0.0, "_runtime": 36833.84888601303, "_step": 1999100, "_wandb": {"runtime": 36847}}