{"average_shape_value": 1.468493150711181, "_timestamp": 1716642914.0015755, "incre_win_rate": 0.0, "value_loss": 0.055459339171648026, "policy_loss": -0.041492462814752426, "dist_entropy": 0.8464260816574096, "actor_grad_norm": 0.624366819858551, "critic_grad_norm": 0.48027801513671875, "ratio": 1.0321060419082642, "dead_ratio": 0.22112211221122113, "average_step_rewards": -0.28246572613716125, "eval_average_episode_rewards": 5.643835616438356, "eval_win_rate": 0.0, "_runtime": 324.5220675468445, "_step": 23700}