{"average_shape_value": 0.810958904109589, "_timestamp": 1716662093.9644158, "incre_win_rate": 0.0, "value_loss": 0.023632119596004485, "policy_loss": -0.03715703263569787, "dist_entropy": 0.5639616688092549, "actor_grad_norm": 0.4266962707042694, "critic_grad_norm": 0.5130128860473633, "ratio": 1.0001671314239502, "dead_ratio": 0.264026402640264, "average_step_rewards": -0.5063013434410095, "eval_average_episode_rewards": 5.643835616438356, "eval_win_rate": 0.0, "_runtime": 132.1977686882019, "_step": 9500}