{"incre_win_rate": 0.03951367781155015, "_timestamp": 1716245260.7971208, "value_loss": 0.035561420023441315, "policy_loss": -0.04341291959651497, "dist_entropy": 0.5663625240325928, "actor_grad_norm": 0.4227373003959656, "critic_grad_norm": 0.46595311164855957, "ratio": 1.0201750993728638, "dead_ratio": 0.1188118811881188, "average_step_rewards": 0.1457534283399582, "eval_average_episode_rewards": 5.3698630136986285, "eval_win_rate": 0.0, "_runtime": 251.6969928741455, "_step": 20100}