{"incre_win_rate": 0.7073170731707317, "_timestamp": 1717157871.704236, "value_loss": 0.14459304908911388, "policy_loss": -0.01639349324204935, "dist_entropy": 0.31983861525853474, "actor_grad_norm": 0.34429314732551575, "critic_grad_norm": 0.38116493821144104, "ratio": 0.9949878454208374, "dead_ratio": 0.1551155115511551, "average_step_rewards": 0.7895890474319458, "eval_average_episode_rewards": 7.342465753424658, "eval_win_rate": 0.0, "_runtime": 420.008367061615, "_step": 32100}