{"average_shape_value": 1.3068493150684932, "_timestamp": 1716660364.7265136, "incre_win_rate": 0.0, "value_loss": 0.004458350921049714, "policy_loss": -0.05141855943922475, "dist_entropy": 0.5834761659304301, "actor_grad_norm": 0.4557769298553467, "critic_grad_norm": 0.10584231466054916, "ratio": 0.9755035042762756, "dead_ratio": 0.18811881188118806, "average_step_rewards": -0.9819177389144897, "eval_average_episode_rewards": 5.315068493150684, "eval_win_rate": 0.0, "_runtime": 1056.4826126098633, "_step": 81900}