{"average_shape_value": 9.131506849315068, "_timestamp": 1716659265.1874416, "incre_win_rate": 0.37142857142857144, "value_loss": 0.07184790695707004, "policy_loss": -0.03549075384189682, "dist_entropy": 0.46330249309539795, "actor_grad_norm": 0.3744526505470276, "critic_grad_norm": 0.36371269822120667, "ratio": 1.0088047981262207, "dead_ratio": 0.2607260726072608, "average_step_rewards": 0.20657534897327423, "eval_average_episode_rewards": 8.32876712328767, "eval_win_rate": 0.0, "_runtime": 1229.0298345088959, "_step": 93400}