{"incre_win_rate": 0.0, "_timestamp": 1716359418.3465948, "value_loss": 0.4729312698046366, "policy_loss": -0.035545432966483756, "dist_entropy": 1.7178197065989176, "actor_grad_norm": 0.5040462613105774, "critic_grad_norm": 2.3617610931396484, "ratio": 1.0039803981781006, "dead_ratio": 0.30363036303630364, "average_step_rewards": -0.009999998845160007, "eval_average_episode_rewards": 1.3150684931506849, "eval_win_rate": 0.0, "_runtime": 14.983749866485596, "_step": 100}