{"incre_win_rate": 0.2922077922077922, "_timestamp": 1716245260.044931, "value_loss": 0.24967101613680523, "policy_loss": -0.016677116939196896, "dist_entropy": 0.2780049542586009, "actor_grad_norm": 0.3305954337120056, "critic_grad_norm": 1.0775943994522095, "ratio": 0.9990467429161072, "dead_ratio": 0.1551155115511551, "average_step_rewards": 0.5704109072685242, "eval_average_episode_rewards": 11.923287671232874, "eval_win_rate": 0.4, "_runtime": 250.94093585014343, "_step": 20100}