{"incre_win_rate": 0.9583333333333334, "_timestamp": 1716350639.3182707, "value_loss": 0.005062820048381885, "policy_loss": -7.702113590539739e-05, "dist_entropy": 0.22277975877126058, "actor_grad_norm": 0.6042192578315735, "critic_grad_norm": 0.11866165697574615, "ratio": 0.9999286532402039, "dead_ratio": 0.04290429042904287, "reward_predicting_loss": 510.6548767089844, "shaping_weight": 1.6860386382974138e-28, "average_step_rewards": 0.9901370406150818, "eval_average_episode_rewards": 20.0, "eval_win_rate": 1.0, "_runtime": 55191.529012680054, "_step": 1999100, "_wandb": {"runtime": 55200}}