{"incre_win_rate": 0.2619047619047619, "_timestamp": 1716359584.4118907, "value_loss": 0.2106517901023229, "policy_loss": -0.02716181330425827, "dist_entropy": 0.5306103388468425, "actor_grad_norm": 0.3281511664390564, "critic_grad_norm": 0.8795489072799683, "ratio": 1.0008045434951782, "dead_ratio": 0.23102310231023104, "average_step_rewards": 0.43241235613822937, "eval_average_episode_rewards": 20.0, "eval_win_rate": 1.0, "_runtime": 87.00903964042664, "_step": 6100}