{"average_shape_value": 7.435616438356163, "_timestamp": 1716645219.7329774, "incre_win_rate": 0.37777777777777777, "value_loss": 0.21214300394058228, "policy_loss": -0.01815190566997007, "dist_entropy": 0.23713969389597575, "actor_grad_norm": 0.2804759740829468, "critic_grad_norm": 1.055055856704712, "ratio": 0.9995569586753845, "dead_ratio": 0.15181518151815176, "average_step_rewards": 0.4630136489868164, "eval_average_episode_rewards": 20.0, "eval_win_rate": 1.0, "_runtime": 641.1220154762268, "_step": 50600}