{"incre_win_rate": 0.9038461538461539, "_timestamp": 1717091769.2353404, "value_loss": 0.15758148034413655, "policy_loss": -0.0020313755539500987, "dist_entropy": 0.08397483328978221, "actor_grad_norm": 0.0847044363617897, "critic_grad_norm": 0.11940474808216095, "ratio": 1.0010520219802856, "dead_ratio": 0.13201320132013206, "average_step_rewards": -0.38465750217437744, "eval_average_episode_rewards": 20.0, "eval_win_rate": 1.0, "_runtime": 26595.657710313797, "_step": 1163100}