{"incre_win_rate": 1.0, "_timestamp": 1716373235.1862338, "value_loss": 0.00045879188110120595, "policy_loss": -2.5244818928034837e-06, "dist_entropy": 0.07409087469180425, "actor_grad_norm": 0.13854144513607025, "critic_grad_norm": 0.012127301655709743, "ratio": 0.999994158744812, "dead_ratio": 0.0, "average_step_rewards": 1.0138862133026123, "eval_average_episode_rewards": 20.0, "eval_win_rate": 1.0, "_runtime": 13582.041871786118, "_step": 999100, "_wandb": {"runtime": 13601}}