{"incre_win_rate": 0.0, "_timestamp": 1717019494.0188088, "value_loss": 0.002238765188182394, "policy_loss": -2.203118731240276e-05, "dist_entropy": 0.03165900458892187, "actor_grad_norm": 0.29714763164520264, "critic_grad_norm": 0.11306508630514145, "ratio": 0.9999771118164062, "dead_ratio": 0.04950495049504955, "average_step_rewards": -2.1287670135498047, "eval_average_episode_rewards": 3.2876712328767126, "eval_win_rate": 0.0, "_runtime": 26582.658846855164, "_step": 2000000, "cluster_avg_value": 1.6465753316879272, "_wandb": {"runtime": 26582}}