{"incre_win_rate": 0.92, "_timestamp": 1717054483.9525173, "value_loss": 0.01172982801993688, "policy_loss": -0.00893324662704608, "dist_entropy": 0.2203889787197113, "actor_grad_norm": 0.28694379329681396, "critic_grad_norm": 0.23029384016990662, "ratio": 0.9983947277069092, "dead_ratio": 0.0363036303630363, "average_step_rewards": 0.7228000164031982, "eval_average_episode_rewards": 20.0, "eval_win_rate": 1.0, "_runtime": 18138.744953155518, "_step": 1506100}