{"incre_win_rate": 0.0, "_timestamp": 1716294056.3820848, "value_loss": 0.10286870102087657, "policy_loss": -0.042363216597815286, "dist_entropy": 1.5435348828633626, "actor_grad_norm": 0.5115903615951538, "critic_grad_norm": 0.8965355753898621, "ratio": 0.9923527836799622, "dead_ratio": 0.23432343234323427, "reward_predicting_loss": 23.2192440032959, "shaping_weight": 0.0, "average_step_rewards": 0.12493149936199188, "eval_average_episode_rewards": 6.027397260273972, "eval_win_rate": 0.0, "_runtime": 30.213262796401978, "_step": 1100}