{"average_shape_value": 10.00821917808219, "_timestamp": 1716657987.3342896, "incre_win_rate": 0.8837209302325582, "value_loss": 0.06026559720436732, "policy_loss": -0.012096434245309358, "dist_entropy": 0.32271764477094017, "actor_grad_norm": 0.2394048273563385, "critic_grad_norm": 0.1794174462556839, "ratio": 1.0061155557632446, "dead_ratio": 0.1188118811881188, "average_step_rewards": 0.7172602415084839, "eval_average_episode_rewards": 8.0, "eval_win_rate": 0.0, "_runtime": 12714.887890577316, "_step": 1019200}