{"average_shape_value": 3.1753424657534244, "_timestamp": 1716660364.4494407, "incre_win_rate": 0.0, "value_loss": 0.0010408659504416089, "policy_loss": -0.05043137908030578, "dist_entropy": 0.55775226354599, "actor_grad_norm": 0.4052119255065918, "critic_grad_norm": 0.11224082112312317, "ratio": 1.0145411491394043, "dead_ratio": 0.1452145214521452, "average_step_rewards": -0.9523289203643799, "eval_average_episode_rewards": 3.9452054794520546, "eval_win_rate": 0.0, "_runtime": 1056.236050605774, "_step": 81900}