{"incre_win_rate": 1.0, "_timestamp": 1716293738.544073, "value_loss": 0.0015897788340225815, "policy_loss": -0.005887019816502666, "dist_entropy": 0.1365571916103363, "actor_grad_norm": 0.2511841058731079, "critic_grad_norm": 0.01667257957160473, "ratio": 0.995466947555542, "dead_ratio": 0.0033003300330033403, "reward_predicting_loss": 512.54931640625, "average_step_rewards": 1.4539225101470947, "eval_average_episode_rewards": 20.0, "eval_win_rate": 1.0, "_runtime": 23932.521977186203, "_step": 1549100}