{"incre_win_rate": 0.0, "_timestamp": 1716972161.1702514, "value_loss": 0.014988668325046698, "policy_loss": -0.05071326953093376, "dist_entropy": 0.827348546187083, "actor_grad_norm": 0.5491795539855957, "critic_grad_norm": 0.40614354610443115, "ratio": 1.001013159751892, "dead_ratio": 0.3242574257425742, "average_step_rewards": -0.9387500286102295, "eval_average_episode_rewards": 3.75, "eval_win_rate": 0.0, "_runtime": 621.8554184436798, "_step": 27700, "cluster_avg_value": 1.1281249523162842}