{"incre_win_rate": 0.8979591836734694, "_timestamp": 1717225101.7181876, "value_loss": 0.327824068069458, "policy_loss": -0.030625267071801687, "dist_entropy": 0.29246463179588317, "actor_grad_norm": 0.29355743527412415, "critic_grad_norm": 0.6233969330787659, "ratio": 1.0295076370239258, "dead_ratio": 0.11551155115511547, "average_step_rewards": -0.7139725685119629, "eval_average_episode_rewards": 20.0, "eval_win_rate": 1.0, "_runtime": 5850.699672460556, "_step": 468100}