{"incre_win_rate": 0.47368421052631576, "_timestamp": 1716295213.4999099, "value_loss": 0.09185664256413778, "policy_loss": -0.011652938176578923, "dist_entropy": 0.1755431781212489, "actor_grad_norm": 0.18545562028884888, "critic_grad_norm": 0.49723732471466064, "ratio": 0.9977672696113586, "dead_ratio": 0.28712871287128716, "reward_predicting_loss": 271.0564270019531, "shaping_weight": 1.0, "average_step_rewards": 0.7817180156707764, "eval_average_episode_rewards": 7.9999999999999964, "eval_win_rate": 0.0, "_runtime": 1116.9263799190521, "_step": 70100}