{"incre_win_rate": 1.0, "_timestamp": 1716445346.4157314, "value_loss": 0.00023608679281702887, "policy_loss": -1.877975668757396e-05, "dist_entropy": 0.06658175587654114, "actor_grad_norm": 0.41240429878234863, "critic_grad_norm": 0.02293608896434307, "ratio": 0.9999796152114868, "dead_ratio": 0.0066006600660065695, "average_step_rewards": 1.1127123832702637, "eval_average_episode_rewards": 20.0, "eval_win_rate": 1.0, "_runtime": 45200.848041534424, "_step": 1999100, "_wandb": {"runtime": 45220}}