{"average_shape_value": 0.8301369863013699, "_timestamp": 1716644544.6604667, "incre_win_rate": 0.0, "value_loss": 0.008709345230211813, "policy_loss": -0.03346543218744955, "dist_entropy": 0.6137619018554688, "actor_grad_norm": 0.5051777362823486, "critic_grad_norm": 0.31474700570106506, "ratio": 1.004577398300171, "dead_ratio": 0.14851485148514854, "average_step_rewards": -0.6663013696670532, "eval_average_episode_rewards": 5.315068493150683, "eval_win_rate": 0.0, "_runtime": 305.1934196949005, "_step": 22100}