{"average_shape_value": 1.1575322399400685, "_timestamp": 1716643314.5020616, "incre_win_rate": 0.0, "value_loss": 0.028401833275953928, "policy_loss": -0.05088280134448733, "dist_entropy": 0.8322859684626261, "actor_grad_norm": 0.43217018246650696, "critic_grad_norm": 0.3325120806694031, "ratio": 0.995813250541687, "dead_ratio": 0.2607260726072608, "average_step_rewards": -0.3763527274131775, "eval_average_episode_rewards": 4.328767123287671, "eval_win_rate": 0.0, "_runtime": 309.8363506793976, "_step": 22700}