{"incre_win_rate": 0.36363636363636365, "_timestamp": 1716456873.8264177, "value_loss": 0.15070381065209706, "policy_loss": -0.027561505184297865, "dist_entropy": 0.4289368748664856, "actor_grad_norm": 0.2668069005012512, "critic_grad_norm": 0.28904592990875244, "ratio": 0.9888494610786438, "dead_ratio": 0.22442244224422447, "reward_predicting_loss": 90.64511108398438, "shaping_weight": 1.0, "average_step_rewards": 0.5547500848770142, "eval_average_episode_rewards": 8.0, "eval_win_rate": 0.0, "_runtime": 5087.440803766251, "_step": 333100}