{"incre_win_rate": 0.9622641509433962, "_timestamp": 1716540002.733071, "value_loss": 0.04396723459164301, "policy_loss": -0.005572627302414427, "dist_entropy": 0.12301729520161947, "actor_grad_norm": 0.17347098886966705, "critic_grad_norm": 0.08742791414260864, "ratio": 1.0011414289474487, "dead_ratio": 0.01980198019801982, "average_step_rewards": -0.37479448318481445, "eval_average_episode_rewards": 20.0, "eval_win_rate": 1.0, "_runtime": 16241.20050907135, "_step": 1315100}