{"incre_win_rate": 0.1568627450980392, "_timestamp": 1716523997.9767191, "value_loss": 0.024666419625282286, "policy_loss": -0.014965254103040592, "dist_entropy": 0.43044076760609945, "actor_grad_norm": 0.26148492097854614, "critic_grad_norm": 0.646593451499939, "ratio": 0.9949679970741272, "dead_ratio": 0.1914191419141914, "average_step_rewards": -1.8915069103240967, "eval_average_episode_rewards": 6.301369863013698, "eval_win_rate": 0.0, "_runtime": 236.44415712356567, "_step": 18100}