{"incre_win_rate": 0.16666666666666666, "_timestamp": 1716526028.4757824, "value_loss": 0.014613683273394903, "policy_loss": -0.04352786537593947, "dist_entropy": 0.4638870894908905, "actor_grad_norm": 0.35690170526504517, "critic_grad_norm": 0.35153263807296753, "ratio": 1.0023987293243408, "dead_ratio": 0.16831683168316836, "average_step_rewards": -1.9693151712417603, "eval_average_episode_rewards": 4.986301369863014, "eval_win_rate": 0.0, "_runtime": 2266.9432203769684, "_step": 181100}