{"incre_win_rate": 0.717391304347826, "_timestamp": 1716526298.5631135, "value_loss": 0.1526093453168869, "policy_loss": -0.018925086290141023, "dist_entropy": 0.2506899575392405, "actor_grad_norm": 0.30255547165870667, "critic_grad_norm": 0.2466505914926529, "ratio": 0.9939876794815063, "dead_ratio": 0.16171617161716167, "average_step_rewards": -1.0071232318878174, "eval_average_episode_rewards": 20.0, "eval_win_rate": 1.0, "_runtime": 2537.0305514335632, "_step": 203100}