{"incre_win_rate": 0.0, "_timestamp": 1716295405.9828024, "value_loss": 0.21765941977500916, "policy_loss": -0.04011310007015331, "dist_entropy": 1.5145877838134765, "actor_grad_norm": 0.45428794622421265, "critic_grad_norm": 2.1767945289611816, "ratio": 1.0009024143218994, "dead_ratio": 0.3168316831683168, "reward_predicting_loss": 27.6613826751709, "shaping_weight": 0.00407013762742281, "average_step_rewards": 0.08086231350898743, "eval_average_episode_rewards": 1.6438356164383563, "eval_win_rate": 0.0, "_runtime": 46.828622341156006, "_step": 1100}