{"average_shape_value": 1.3972602739726028, "_timestamp": 1716642581.3763633, "incre_win_rate": 0.0, "value_loss": 0.8879298130671184, "policy_loss": -0.030931567239212636, "dist_entropy": 1.7524207750956218, "actor_grad_norm": 0.4238426983356476, "critic_grad_norm": 2.5603556632995605, "ratio": 0.9991557598114014, "dead_ratio": 0.20462046204620465, "average_step_rewards": 0.06904109567403793, "eval_average_episode_rewards": 0.0, "eval_win_rate": 0.0, "_runtime": 16.302778244018555, "_step": 200}