{"average_shape_value": 9.802739726027395, "_timestamp": 1716659265.1919541, "incre_win_rate": 0.8444444444444444, "value_loss": 0.004643857960278789, "policy_loss": -0.030421506203795447, "dist_entropy": 0.3292645792166392, "actor_grad_norm": 0.3028598427772522, "critic_grad_norm": 0.1589398980140686, "ratio": 0.9677489399909973, "dead_ratio": 0.01980198019801982, "average_step_rewards": 0.8536986112594604, "eval_average_episode_rewards": 20.0, "eval_win_rate": 1.0, "_runtime": 1229.032602071762, "_step": 97000}