{"incre_win_rate": 1.0, "_timestamp": 1716269773.9309022, "value_loss": 0.000631803603998075, "policy_loss": -0.00010035800780864672, "dist_entropy": 0.060865652312835056, "actor_grad_norm": 0.8730425238609314, "critic_grad_norm": 0.015247253701090813, "ratio": 1.0000680685043335, "dead_ratio": 0.0, "average_step_rewards": 1.0295889377593994, "eval_average_episode_rewards": 20.0, "eval_win_rate": 1.0, "_runtime": 24258.986317157745, "_step": 1999100, "_wandb": {"runtime": 24265}}