{"incre_win_rate": 0.2222222222222222, "_timestamp": 1716399777.3275058, "value_loss": 0.18854537506898245, "policy_loss": -0.0499645919967494, "dist_entropy": 0.43737500508626304, "actor_grad_norm": 0.35547536611557007, "critic_grad_norm": 0.6730228662490845, "ratio": 0.9862927198410034, "dead_ratio": 0.18811881188118806, "average_step_rewards": 0.38902464509010315, "eval_average_episode_rewards": 7.671232876712327, "eval_win_rate": 0.0, "_runtime": 1615.0412447452545, "_step": 87100}