{"incre_win_rate": 0.0, "_timestamp": 1716399365.576579, "value_loss": 0.044207943975925444, "policy_loss": -0.022048676724001865, "dist_entropy": 0.5510402003924052, "actor_grad_norm": 0.3819315731525421, "critic_grad_norm": 0.8204053640365601, "ratio": 1.0026154518127441, "dead_ratio": 0.0066006600660065695, "reward_predicting_loss": 25.195890426635742, "shaping_weight": 0.9999833106994629, "average_step_rewards": 0.45203205943107605, "eval_average_episode_rewards": 0.0, "eval_win_rate": 0.0, "_runtime": 936.9109270572662, "_step": 34100}