{"incre_win_rate": 0.7777777777777778, "_timestamp": 1716399784.2876177, "value_loss": 0.0850170150399208, "policy_loss": -0.028598844217791946, "dist_entropy": 0.4326280355453491, "actor_grad_norm": 0.28745901584625244, "critic_grad_norm": 0.34811246395111084, "ratio": 0.9929202795028687, "dead_ratio": 0.04290429042904287, "average_step_rewards": 0.8356519341468811, "eval_average_episode_rewards": 20.0, "eval_win_rate": 1.0, "_runtime": 1621.9851965904236, "_step": 92100}