{"incre_win_rate": 0.0, "_timestamp": 1716294056.4496841, "value_loss": 0.05677024771769842, "policy_loss": -0.0423856947913734, "dist_entropy": 1.3783296664555869, "actor_grad_norm": 0.624725878238678, "critic_grad_norm": 1.3155561685562134, "ratio": 1.000354528427124, "dead_ratio": 0.49504950495049505, "reward_predicting_loss": 35.75505447387695, "shaping_weight": 0.0, "average_step_rewards": 0.023013699799776077, "eval_average_episode_rewards": 0.0, "eval_win_rate": 0.0, "_runtime": 30.295733213424683, "_step": 1100}