{"incre_win_rate": 0.3548387096774194, "_timestamp": 1716992768.1605349, "value_loss": 0.11979295114676157, "policy_loss": -0.02397009191008692, "dist_entropy": 0.2655858059724172, "actor_grad_norm": 0.25366440415382385, "critic_grad_norm": 0.17942222952842712, "ratio": 0.9958239197731018, "dead_ratio": 0.25742574257425743, "average_step_rewards": 0.5746874809265137, "eval_average_episode_rewards": 10.5, "eval_win_rate": 0.0, "_runtime": 20505.39690375328, "_step": 917100}