{"incre_win_rate": 0.6136363636363636, "_timestamp": 1716399785.1365893, "value_loss": 0.15740104913711547, "policy_loss": -0.021053506595615563, "dist_entropy": 0.2822630703449249, "actor_grad_norm": 0.3003634810447693, "critic_grad_norm": 0.6693223714828491, "ratio": 0.9985803961753845, "dead_ratio": 0.16831683168316836, "average_step_rewards": 0.6031752824783325, "eval_average_episode_rewards": 7.342465753424658, "eval_win_rate": 0.0, "_runtime": 1622.5494303703308, "_step": 87100}