{"incre_win_rate": 0.0, "_timestamp": 1716988979.4249485, "value_loss": 0.019947692503531775, "policy_loss": -0.026981682448968057, "dist_entropy": 0.23255488177140554, "actor_grad_norm": 0.31110483407974243, "critic_grad_norm": 0.06576135009527206, "ratio": 0.9935524463653564, "dead_ratio": 0.34529702970297027, "average_step_rewards": -1.1150000095367432, "eval_average_episode_rewards": 2.0625, "eval_win_rate": 0.0, "_runtime": 16707.81830239296, "_step": 696000, "cluster_avg_value": 1.21875}