{"incre_win_rate": 1.0, "_timestamp": 1716350587.2237844, "value_loss": 0.000214836584442916, "policy_loss": -7.296715880045213e-05, "dist_entropy": 0.0763336569070816, "actor_grad_norm": 0.7509523034095764, "critic_grad_norm": 0.010101240128278732, "ratio": 0.999961793422699, "dead_ratio": 0.0, "reward_predicting_loss": 496.496826171875, "shaping_weight": 1.6860386382974138e-28, "average_step_rewards": 1.043287754058838, "eval_average_episode_rewards": 20.0, "eval_win_rate": 1.0, "_runtime": 55139.21393752098, "_step": 1999100, "_wandb": {"runtime": 55150}}