{"average_shape_value": 0.4657534246575342, "_timestamp": 1716662093.2429435, "incre_win_rate": 0.0, "value_loss": 0.011924575579663118, "policy_loss": -0.03948732036039822, "dist_entropy": 0.9496569156646728, "actor_grad_norm": 0.47500497102737427, "critic_grad_norm": 0.3042498230934143, "ratio": 0.999760627746582, "dead_ratio": 0.2277227722772277, "average_step_rewards": -0.6679452061653137, "eval_average_episode_rewards": 3.9452054794520546, "eval_win_rate": 0.0, "_runtime": 131.52053546905518, "_step": 9600}