{"incre_win_rate": 1.0, "_timestamp": 1716445683.751528, "value_loss": 0.00035606485519868635, "policy_loss": -3.10535567740781e-05, "dist_entropy": 0.06764202962319056, "actor_grad_norm": 0.46029379963874817, "critic_grad_norm": 0.015020548366010189, "ratio": 1.000025987625122, "dead_ratio": 0.02640264026402639, "average_step_rewards": 0.9694505929946899, "eval_average_episode_rewards": 7.6712328767123275, "eval_win_rate": 0.0, "_runtime": 45538.18907904625, "_step": 1999100, "_wandb": {"runtime": 45556}}