{"incre_win_rate": 0.0, "_timestamp": 1716359124.9098406, "value_loss": 0.043856950104236604, "policy_loss": -0.04660808762930581, "dist_entropy": 0.4328437904516856, "actor_grad_norm": 0.37529516220092773, "critic_grad_norm": 0.6706891059875488, "ratio": 1.0039684772491455, "dead_ratio": 0.34983498349834985, "reward_predicting_loss": 21.224449157714844, "shaping_weight": 1.0, "average_step_rewards": 0.369155615568161, "eval_average_episode_rewards": 0.0, "eval_win_rate": 0.0, "_runtime": 4228.012691497803, "_step": 164100}