{"incre_win_rate": 0.6190476190476191, "_timestamp": 1716456870.6508498, "value_loss": 0.12845793416102727, "policy_loss": -0.02641378678381443, "dist_entropy": 0.35322683254877724, "actor_grad_norm": 0.2990471422672272, "critic_grad_norm": 0.2828429937362671, "ratio": 0.9851655960083008, "dead_ratio": 0.14851485148514854, "reward_predicting_loss": 37.99586486816406, "shaping_weight": 1.0, "average_step_rewards": 0.7694072723388672, "eval_average_episode_rewards": 7.013698630136986, "eval_win_rate": 0.0, "_runtime": 5084.419538736343, "_step": 317100}