{"incre_win_rate": 1.0, "_timestamp": 1716350469.0221186, "value_loss": 0.0005032377899624408, "policy_loss": -2.629378212214798e-05, "dist_entropy": 0.10576757142941157, "actor_grad_norm": 0.39944666624069214, "critic_grad_norm": 0.010573993436992168, "ratio": 0.9999895691871643, "dead_ratio": 0.0066006600660065695, "reward_predicting_loss": 595.63037109375, "shaping_weight": 0.0, "average_step_rewards": 1.1501370668411255, "eval_average_episode_rewards": 20.0, "eval_win_rate": 1.0, "_runtime": 55285.98376965523, "_step": 1999100, "_wandb": {"runtime": 55308}}