{"incre_win_rate": 1.0, "_timestamp": 1716383657.2989142, "value_loss": 0.0010569109193359811, "policy_loss": -4.867808912187854e-05, "dist_entropy": 0.11587987790505092, "actor_grad_norm": 0.4030701220035553, "critic_grad_norm": 0.016347181051969528, "ratio": 0.9999972581863403, "dead_ratio": 0.0363036303630363, "average_step_rewards": 1.0, "eval_average_episode_rewards": 7.999999999999997, "eval_win_rate": 0.0, "_runtime": 13802.709196090698, "_step": 999100, "_wandb": {"runtime": 13810}}