{"incre_win_rate": 0.0, "_timestamp": 1716991790.8677902, "value_loss": 0.007271635811775923, "policy_loss": -0.03980850580697629, "dist_entropy": 0.39927530884742735, "actor_grad_norm": 0.3042387366294861, "critic_grad_norm": 0.10915574431419373, "ratio": 0.9931440949440002, "dead_ratio": 0.30363036303630364, "average_step_rewards": -0.49808216094970703, "eval_average_episode_rewards": 2.6301369863013697, "eval_win_rate": 0.0, "_runtime": 803.4487581253052, "_step": 33900, "cluster_avg_value": 0.6273972392082214}