{"incre_win_rate": 0.0, "_timestamp": 1716991789.7559526, "value_loss": 0.02352296325067679, "policy_loss": -0.03908680865460117, "dist_entropy": 0.6315106431643168, "actor_grad_norm": 0.468126118183136, "critic_grad_norm": 0.26284259557724, "ratio": 0.9849262237548828, "dead_ratio": 0.23102310231023104, "average_step_rewards": -0.5967122912406921, "eval_average_episode_rewards": 2.6301369863013697, "eval_win_rate": 0.0, "_runtime": 802.2773685455322, "_step": 30300, "cluster_avg_value": 0.7753424644470215}