{"incre_win_rate": 0.0, "_timestamp": 1716972161.6222346, "value_loss": 0.08403597176074981, "policy_loss": -0.05506176520329973, "dist_entropy": 0.6681353767712911, "actor_grad_norm": 0.6457908749580383, "critic_grad_norm": 0.7717934250831604, "ratio": 0.9978351593017578, "dead_ratio": 0.3589108910891089, "average_step_rewards": -0.9200000166893005, "eval_average_episode_rewards": 3.40625, "eval_win_rate": 0.0, "_runtime": 622.3366165161133, "_step": 26700, "cluster_avg_value": 1.0546875}