{"incre_win_rate": 0.9814814814814815, "_timestamp": 1717182243.258102, "value_loss": 0.01697247736155987, "policy_loss": 1.3560189331703516e-06, "dist_entropy": 0.02010017285744349, "actor_grad_norm": 0.12425680458545685, "critic_grad_norm": 0.15588055551052094, "ratio": 1.0000019073486328, "dead_ratio": 0.0, "average_step_rewards": -0.19945208728313446, "eval_average_episode_rewards": 20.0, "eval_win_rate": 1.0, "_runtime": 24328.948118925095, "_step": 1999100, "_wandb": {"runtime": 24339}}