{"incre_win_rate": 0.0, "_timestamp": 1716972123.2107544, "value_loss": 0.00032718616033283374, "policy_loss": -0.02820409312098491, "dist_entropy": 0.6509745319684347, "actor_grad_norm": 0.3002540171146393, "critic_grad_norm": 0.04086984694004059, "ratio": 0.9936288595199585, "dead_ratio": 0.46039603960396036, "average_step_rewards": 0.0, "eval_average_episode_rewards": 0.0, "eval_win_rate": 0.0, "_runtime": 468.93362736701965, "_step": 20100}