{"average_shape_value": 8.602739726027396, "_timestamp": 1716659265.6517377, "incre_win_rate": 0.4411764705882353, "value_loss": 0.10741991599400838, "policy_loss": -0.03994913781732663, "dist_entropy": 0.4817586938540141, "actor_grad_norm": 0.4318532645702362, "critic_grad_norm": 1.0116521120071411, "ratio": 0.9925074577331543, "dead_ratio": 0.08910891089108908, "average_step_rewards": 0.7364383935928345, "eval_average_episode_rewards": 20.0, "eval_win_rate": 1.0, "_runtime": 1229.498245716095, "_step": 97400}