{"incre_win_rate": 0.0, "_timestamp": 1716972161.8687105, "value_loss": 0.18602533340454103, "policy_loss": -0.049561457823377474, "dist_entropy": 0.7451096693674724, "actor_grad_norm": 0.4279072880744934, "critic_grad_norm": 0.9850782155990601, "ratio": 1.0018789768218994, "dead_ratio": 0.3997524752475248, "average_step_rewards": -0.731249988079071, "eval_average_episode_rewards": 2.8125, "eval_win_rate": 0.0, "_runtime": 622.5442085266113, "_step": 27900, "cluster_avg_value": 0.7015625238418579}