{"incre_win_rate": 0.0, "_timestamp": 1716642473.456412, "value_loss": 0.010616408661007881, "policy_loss": -0.04245575491099333, "dist_entropy": 0.5013100345929463, "actor_grad_norm": 0.46918827295303345, "critic_grad_norm": 0.3387836813926697, "ratio": 1.0139260292053223, "dead_ratio": 0.04950495049504955, "average_step_rewards": -1.1915069818496704, "eval_average_episode_rewards": 0.9863013698630136, "eval_win_rate": 0.0, "_runtime": 1969.4074711799622, "_step": 157500, "average_shape_value": 1.9465753424657535}