{"incre_win_rate": 0.0, "_timestamp": 1716399773.19372, "value_loss": 0.18671289583047232, "policy_loss": -0.03804154106464222, "dist_entropy": 1.0954282363255818, "actor_grad_norm": 0.4409444034099579, "critic_grad_norm": 1.6643590927124023, "ratio": 1.0007625818252563, "dead_ratio": 0.2805280528052805, "reward_predicting_loss": 19.564279556274414, "shaping_weight": 0.006692850962281227, "average_step_rewards": 0.24209530651569366, "eval_average_episode_rewards": 7.671232876712327, "eval_win_rate": 0.0, "_runtime": 73.39336705207825, "_step": 2100}