{"incre_win_rate": 0.0, "_timestamp": 1716294056.4072268, "value_loss": 0.12086506485939026, "policy_loss": -0.045570141715083036, "dist_entropy": 1.5758758068084717, "actor_grad_norm": 0.5038575530052185, "critic_grad_norm": 1.1642316579818726, "ratio": 1.001863718032837, "dead_ratio": 0.264026402640264, "reward_predicting_loss": 65.78763580322266, "shaping_weight": 0.0, "average_step_rewards": 0.11835616081953049, "eval_average_episode_rewards": 2.6301369863013697, "eval_win_rate": 0.0, "_runtime": 30.01919388771057, "_step": 1100}