{"average_shape_value": 8.31780821917808, "_timestamp": 1716657987.2164395, "incre_win_rate": 1.0, "value_loss": 0.0008626549892748396, "policy_loss": -0.030235294443708226, "dist_entropy": 0.41362523833910625, "actor_grad_norm": 0.4310234487056732, "critic_grad_norm": 0.01638292893767357, "ratio": 1.0072458982467651, "dead_ratio": 0.05280528052805278, "average_step_rewards": 0.9802740216255188, "eval_average_episode_rewards": 20.0, "eval_win_rate": 1.0, "_runtime": 12714.794063568115, "_step": 1015500}