{"incre_win_rate": 0.375, "_timestamp": 1716399781.2881186, "value_loss": 0.14098674058914185, "policy_loss": -0.026443918313992874, "dist_entropy": 0.3626137673854828, "actor_grad_norm": 0.3055190145969391, "critic_grad_norm": 0.4712739884853363, "ratio": 1.0012946128845215, "dead_ratio": 0.20462046204620465, "average_step_rewards": 0.4151260256767273, "eval_average_episode_rewards": 7.999999999999997, "eval_win_rate": 0.0, "_runtime": 1618.7460815906525, "_step": 87100}