{"incre_win_rate": 0.0, "_timestamp": 1716972124.655634, "value_loss": 0.13149694800376893, "policy_loss": -0.04488793407151057, "dist_entropy": 0.855186931292216, "actor_grad_norm": 0.5031105279922485, "critic_grad_norm": 0.4281070828437805, "ratio": 0.9965659379959106, "dead_ratio": 0.3106435643564357, "average_step_rewards": 0.3996874988079071, "eval_average_episode_rewards": 20.0, "eval_win_rate": 1.0, "_runtime": 470.4808728694916, "_step": 19100}