{"incre_win_rate": 1.0, "_timestamp": 1716355134.2275603, "value_loss": 0.0009895195408413807, "policy_loss": -4.691185339241362e-06, "dist_entropy": 0.0989116221666336, "actor_grad_norm": 0.14991481602191925, "critic_grad_norm": 0.007622705306857824, "ratio": 1.0000009536743164, "dead_ratio": 0.04950495049504955, "reward_predicting_loss": 475.3832702636719, "shaping_weight": 1.6860386382974138e-28, "average_step_rewards": 1.016438364982605, "eval_average_episode_rewards": 7.6712328767123275, "eval_win_rate": 0.0, "_runtime": 59686.35305023193, "_step": 1999100, "_wandb": {"runtime": 59703}}