{"average_shape_value": 0.7205479452054794, "_timestamp": 1716644544.2260354, "incre_win_rate": 0.0, "value_loss": 0.002507996760929624, "policy_loss": -0.03527116147502334, "dist_entropy": 0.6731600125630697, "actor_grad_norm": 0.4701458811759949, "critic_grad_norm": 0.10230978578329086, "ratio": 0.9912766218185425, "dead_ratio": 0.2739273927392739, "average_step_rewards": -0.822465717792511, "eval_average_episode_rewards": 3.6164383561643834, "eval_win_rate": 0.0, "_runtime": 304.7597062587738, "_step": 22800}