{"incre_win_rate": 0.6428571428571429, "_timestamp": 1716452351.396084, "value_loss": 0.1280579999089241, "policy_loss": -0.019516261005553186, "dist_entropy": 0.22855147023995717, "actor_grad_norm": 0.20109771192073822, "critic_grad_norm": 0.8375985622406006, "ratio": 1.0158785581588745, "dead_ratio": 0.12211221122112215, "reward_predicting_loss": 70.94841003417969, "shaping_weight": 1.0, "average_step_rewards": 1.408765435218811, "eval_average_episode_rewards": 20.0, "eval_win_rate": 1.0, "_runtime": 2623.1695280075073, "_step": 158100}