{"incre_win_rate": 1.0, "_timestamp": 1716445340.5961382, "value_loss": 0.0002765665859139214, "policy_loss": 2.816135424434189e-05, "dist_entropy": 0.08875389744838079, "actor_grad_norm": 0.4430272877216339, "critic_grad_norm": 0.009539779275655746, "ratio": 1.0000110864639282, "dead_ratio": 0.0033003300330033403, "average_step_rewards": 1.1274629831314087, "eval_average_episode_rewards": 20.0, "eval_win_rate": 1.0, "_runtime": 45195.14378833771, "_step": 1999100, "_wandb": {"runtime": 45215}}