{"incre_win_rate": 1.0, "_timestamp": 1716350445.1675541, "value_loss": 0.0001747181755490601, "policy_loss": -6.371224887639452e-06, "dist_entropy": 0.04542077084382375, "actor_grad_norm": 0.27022308111190796, "critic_grad_norm": 0.004508179612457752, "ratio": 0.9999983906745911, "dead_ratio": 0.0033003300330033403, "reward_predicting_loss": 538.402587890625, "shaping_weight": 0.0, "average_step_rewards": 1.1232877969741821, "eval_average_episode_rewards": 20.0, "eval_win_rate": 1.0, "_runtime": 55262.089700222015, "_step": 1999100, "_wandb": {"runtime": 55286}}