{"incre_win_rate": 0.5555555555555556, "_timestamp": 1716359109.052927, "value_loss": 0.2620361347993215, "policy_loss": -0.03497019528100888, "dist_entropy": 0.31052098870277406, "actor_grad_norm": 0.27991506457328796, "critic_grad_norm": 1.0224661827087402, "ratio": 1.0140553712844849, "dead_ratio": 0.20132013201320131, "reward_predicting_loss": 136.89852905273438, "shaping_weight": 1.0, "average_step_rewards": 0.4152557849884033, "eval_average_episode_rewards": 20.0, "eval_win_rate": 1.0, "_runtime": 3925.9200201034546, "_step": 142100}