{"incre_win_rate": 0.9772727272727273, "_timestamp": 1716449402.858591, "value_loss": 0.18155985375245412, "policy_loss": -0.00010024720621082395, "dist_entropy": 0.13261353969573975, "actor_grad_norm": 1.1464335918426514, "critic_grad_norm": 0.9465294480323792, "ratio": 0.999968945980072, "dead_ratio": 0.05940594059405946, "reward_predicting_loss": 257.4052734375, "shaping_weight": 1.6860386382974138e-28, "average_step_rewards": 0.7134246826171875, "eval_average_episode_rewards": 20.0, "eval_win_rate": 1.0, "_runtime": 49314.30589103699, "_step": 1999100, "_wandb": {"runtime": 49319}}