{"incre_win_rate": 0.6136363636363636, "_timestamp": 1716359114.529169, "value_loss": 0.11915840456883113, "policy_loss": -0.025834026710154254, "dist_entropy": 0.3808029115200043, "actor_grad_norm": 0.23881752789020538, "critic_grad_norm": 0.2682914435863495, "ratio": 1.033793330192566, "dead_ratio": 0.13201320132013206, "reward_predicting_loss": 378.9973449707031, "shaping_weight": 1.0, "average_step_rewards": 1.0598384141921997, "eval_average_episode_rewards": 20.0, "eval_win_rate": 1.0, "_runtime": 4217.475291967392, "_step": 162100}