{"incre_win_rate": 0.9583333333333334, "_timestamp": 1717054453.0886238, "value_loss": 0.0033552993399401506, "policy_loss": -0.013232435871687542, "dist_entropy": 0.38971336285273234, "actor_grad_norm": 0.41598403453826904, "critic_grad_norm": 0.10056304931640625, "ratio": 1.012622594833374, "dead_ratio": 0.01320132013201325, "average_step_rewards": 0.7012000679969788, "eval_average_episode_rewards": 20.0, "eval_win_rate": 1.0, "_runtime": 18107.9113676548, "_step": 1498100}