{"incre_win_rate": 1.0, "_timestamp": 1716449664.4075599, "value_loss": 0.0005306345759890973, "policy_loss": -3.1363870699389434e-06, "dist_entropy": 0.0826378270983696, "actor_grad_norm": 0.12802118062973022, "critic_grad_norm": 0.01231054961681366, "ratio": 0.9999988675117493, "dead_ratio": 0.0033003300330033403, "reward_predicting_loss": 503.5013427734375, "shaping_weight": 1.6860386382974138e-28, "average_step_rewards": 1.1364383697509766, "eval_average_episode_rewards": 20.0, "eval_win_rate": 1.0, "_runtime": 49575.74578881264, "_step": 1999100, "_wandb": {"runtime": 49586}}