{"average_shape_value": 0.09041095890410958, "_timestamp": 1716642581.4735372, "incre_win_rate": 0.0, "value_loss": 0.7796757896741231, "policy_loss": -0.029220241499650967, "dist_entropy": 1.7266515970230103, "actor_grad_norm": 0.39317187666893005, "critic_grad_norm": 2.9580583572387695, "ratio": 1.0008996725082397, "dead_ratio": 0.2904290429042904, "average_step_rewards": 0.06575343012809753, "eval_average_episode_rewards": 0.6575342465753424, "eval_win_rate": 0.0, "_runtime": 16.393218278884888, "_step": 100}