{"average_shape_value": 8.383561643835616, "_timestamp": 1716645219.6374686, "incre_win_rate": 0.2631578947368421, "value_loss": 0.26019197901089985, "policy_loss": -0.040106986853985574, "dist_entropy": 0.5502960085868835, "actor_grad_norm": 0.41643089056015015, "critic_grad_norm": 0.5658895969390869, "ratio": 1.000562310218811, "dead_ratio": 0.2178217821782178, "average_step_rewards": 0.37315067648887634, "eval_average_episode_rewards": 6.301369863013697, "eval_win_rate": 0.0, "_runtime": 640.9019236564636, "_step": 49800}