{"incre_win_rate": 0.9811320754716981, "_timestamp": 1717225112.3526604, "value_loss": 0.007581701346983512, "policy_loss": -0.010531416795397774, "dist_entropy": 0.09474968016147614, "actor_grad_norm": 0.13070714473724365, "critic_grad_norm": 0.0994708463549614, "ratio": 0.9941273927688599, "dead_ratio": 0.0066006600660065695, "average_step_rewards": -0.23835617303848267, "eval_average_episode_rewards": 20.0, "eval_win_rate": 1.0, "_runtime": 5861.32919549942, "_step": 468100}