{"incre_win_rate": 0.0, "_timestamp": 1716359417.1482682, "value_loss": 0.43800525267918905, "policy_loss": -0.03491698094747164, "dist_entropy": 1.6834413528442382, "actor_grad_norm": 0.4741380512714386, "critic_grad_norm": 2.0505032539367676, "ratio": 1.008668303489685, "dead_ratio": 0.363036303630363, "average_step_rewards": -0.009999998845160007, "eval_average_episode_rewards": 0.0, "eval_win_rate": 0.0, "_runtime": 13.82465124130249, "_step": 100}