{"incre_win_rate": 0.0, "_timestamp": 1716988978.2087586, "value_loss": 0.031150404488046964, "policy_loss": -0.02934105284997107, "dist_entropy": 0.3223011334737142, "actor_grad_norm": 0.36380019783973694, "critic_grad_norm": 0.2576955258846283, "ratio": 1.005912184715271, "dead_ratio": 0.4455445544554455, "average_step_rewards": -1.0184375047683716, "eval_average_episode_rewards": 3.40625, "eval_win_rate": 0.0, "_runtime": 16707.156545639038, "_step": 699800, "cluster_avg_value": 1.1640625}