{"incre_win_rate": 0.9375, "_timestamp": 1716383659.2748132, "value_loss": 0.003022648145755132, "policy_loss": -8.043021442271462e-05, "dist_entropy": 0.1554592470328013, "actor_grad_norm": 0.5180668830871582, "critic_grad_norm": 0.08187565207481384, "ratio": 1.0000444650650024, "dead_ratio": 0.09240924092409242, "average_step_rewards": 0.9824656248092651, "eval_average_episode_rewards": 20.0, "eval_win_rate": 1.0, "_runtime": 13804.798999071121, "_step": 999100, "_wandb": {"runtime": 13812}}