{"incre_win_rate": 0.9615384615384616, "_timestamp": 1717225113.274351, "value_loss": 0.0031461093109101056, "policy_loss": -0.01589427547366711, "dist_entropy": 0.13154849509398142, "actor_grad_norm": 0.18316411972045898, "critic_grad_norm": 0.044629406183958054, "ratio": 0.9882941842079163, "dead_ratio": 0.02310231023102305, "average_step_rewards": -0.1599999964237213, "eval_average_episode_rewards": 20.0, "eval_win_rate": 1.0, "_runtime": 5862.106096982956, "_step": 482100}