{"incre_win_rate": 0.0, "_timestamp": 1716642473.9867308, "value_loss": 0.014356560756762822, "policy_loss": -0.029538596993501188, "dist_entropy": 0.6397242069244384, "actor_grad_norm": 0.37003540992736816, "critic_grad_norm": 0.18765410780906677, "ratio": 1.01047682762146, "dead_ratio": 0.23102310231023104, "average_step_rewards": -1.3898630142211914, "eval_average_episode_rewards": 2.3013698630136985, "eval_win_rate": 0.0, "_runtime": 1969.7192957401276, "_step": 154500, "average_shape_value": 2.3068493150684932}