{"incre_win_rate": 0.9607843137254902, "_timestamp": 1717091769.3595467, "value_loss": 0.015404070789615313, "policy_loss": -0.014876830765792921, "dist_entropy": 0.23379152814547222, "actor_grad_norm": 0.2465750277042389, "critic_grad_norm": 0.13743530213832855, "ratio": 0.983970046043396, "dead_ratio": 0.01320132013201325, "average_step_rewards": -0.2509588599205017, "eval_average_episode_rewards": 20.0, "eval_win_rate": 1.0, "_runtime": 26595.721911668777, "_step": 1167100}