{"average_shape_value": 2.0438356164383564, "_timestamp": 1716644183.001507, "incre_win_rate": 0.0, "value_loss": 0.09037681271632513, "policy_loss": -0.0517009943004331, "dist_entropy": 0.8221710085868835, "actor_grad_norm": 0.5250765681266785, "critic_grad_norm": 0.10296248644590378, "ratio": 0.9960185289382935, "dead_ratio": 0.24092409240924095, "average_step_rewards": -0.7660274505615234, "eval_average_episode_rewards": 2.6301369863013697, "eval_win_rate": 0.0, "_runtime": 589.4778399467468, "_step": 44400}