{"incre_win_rate": 0.46938775510204084, "_timestamp": 1716545126.9157104, "value_loss": 0.24693441291650137, "policy_loss": -0.01648718955823109, "dist_entropy": 0.360346653064092, "actor_grad_norm": 0.40462738275527954, "critic_grad_norm": 1.0974758863449097, "ratio": 1.0101487636566162, "dead_ratio": 0.1188118811881188, "average_step_rewards": -0.3429630994796753, "eval_average_episode_rewards": 20.0, "eval_win_rate": 1.0, "_runtime": 256.2076795101166, "_step": 19100}