{"incre_win_rate": 0.391304347826087, "_timestamp": 1717093157.6283927, "value_loss": 0.08007542242606482, "policy_loss": -0.012322493111886363, "dist_entropy": 0.2898326516151428, "actor_grad_norm": 0.23608575761318207, "critic_grad_norm": 0.30287569761276245, "ratio": 0.99833083152771, "dead_ratio": 0.2706270627062707, "average_step_rewards": -1.7534246444702148, "eval_average_episode_rewards": 7.616438356164383, "eval_win_rate": 0.0, "_runtime": 1135.014467716217, "_step": 50100}