{"incre_win_rate": 0.9444444444444444, "_timestamp": 1717138556.215165, "value_loss": 0.007628703645120065, "policy_loss": -3.474760047564492e-05, "dist_entropy": 0.052301947275797525, "actor_grad_norm": 0.40437382459640503, "critic_grad_norm": 0.0856296718120575, "ratio": 0.9999907612800598, "dead_ratio": 0.0, "average_step_rewards": -0.33260267972946167, "eval_average_episode_rewards": 20.0, "eval_win_rate": 1.0, "_runtime": 45742.535710811615, "_step": 1999100, "_wandb": {"runtime": 45751}}