{"average_shape_value": 8.506849315068493, "_timestamp": 1716645219.9917495, "incre_win_rate": 0.4090909090909091, "value_loss": 0.30491251150767007, "policy_loss": -0.022690405199925105, "dist_entropy": 0.1914473593235016, "actor_grad_norm": 0.3450392782688141, "critic_grad_norm": 1.285284161567688, "ratio": 0.9998376369476318, "dead_ratio": 0.09570957095709576, "average_step_rewards": 0.7232876420021057, "eval_average_episode_rewards": 7.013698630136986, "eval_win_rate": 0.0, "_runtime": 641.3752744197845, "_step": 49900}