{"incre_win_rate": 0.0, "_timestamp": 1716359113.6796708, "value_loss": 0.03514276991287867, "policy_loss": -0.043751798097972916, "dist_entropy": 0.5797624985376993, "actor_grad_norm": 0.4611172676086426, "critic_grad_norm": 0.4765225350856781, "ratio": 0.9885658621788025, "dead_ratio": 0.20792079207920788, "reward_predicting_loss": 15.862067222595215, "shaping_weight": 1.0, "average_step_rewards": 0.35411450266838074, "eval_average_episode_rewards": 0.9863013698630136, "eval_win_rate": 0.0, "_runtime": 3930.6303837299347, "_step": 144100}