{"average_shape_value": 11.306849315068494, "_timestamp": 1716657986.810571, "incre_win_rate": 0.9333333333333333, "value_loss": 0.004707545880228281, "policy_loss": -0.025626696136048465, "dist_entropy": 0.4300127247969309, "actor_grad_norm": 0.34294381737709045, "critic_grad_norm": 0.06795021146535873, "ratio": 0.9818509817123413, "dead_ratio": 0.04620462046204621, "average_step_rewards": 0.8569862842559814, "eval_average_episode_rewards": 20.0, "eval_win_rate": 1.0, "_runtime": 12714.118860006332, "_step": 1017700}