{"incre_win_rate": 0.0, "_timestamp": 1717019550.8086848, "value_loss": 0.014779553065697353, "policy_loss": -3.703873672809739e-05, "dist_entropy": 0.07518837749958038, "actor_grad_norm": 0.44600459933280945, "critic_grad_norm": 0.07424181699752808, "ratio": 0.9999799728393555, "dead_ratio": 0.03300330033003296, "average_step_rewards": -5.479452133178711, "eval_average_episode_rewards": 1.9726027397260273, "eval_win_rate": 0.0, "_runtime": 26639.44698190689, "_step": 2000000, "cluster_avg_value": 2.427396774291992, "_wandb": {"runtime": 26639}}