{"incre_win_rate": 0.5306122448979592, "_timestamp": 1717157426.2322738, "value_loss": 0.3666891038417816, "policy_loss": -0.024208371899568704, "dist_entropy": 0.2887957910696665, "actor_grad_norm": 0.32580360770225525, "critic_grad_norm": 1.177675485610962, "ratio": 0.9880419373512268, "dead_ratio": 0.08580858085808585, "average_step_rewards": -0.6000000238418579, "eval_average_episode_rewards": 7.616438356164384, "eval_win_rate": 0.0, "_runtime": 1960.2408578395844, "_step": 149100}