{"incre_win_rate": 1.0, "_timestamp": 1716269375.9103434, "value_loss": 0.0005417618822927277, "policy_loss": -2.4916525405712284e-05, "dist_entropy": 0.09761978487173716, "actor_grad_norm": 0.3767940402030945, "critic_grad_norm": 0.030811090022325516, "ratio": 0.9999857544898987, "dead_ratio": 0.01980198019801982, "average_step_rewards": 0.9895890355110168, "eval_average_episode_rewards": 20.0, "eval_win_rate": 1.0, "_runtime": 23861.147129297256, "_step": 1999100, "_wandb": {"runtime": 23868}}