{"incre_win_rate": 1.0, "_timestamp": 1717182266.4082785, "value_loss": 0.023569711049397788, "policy_loss": -2.2867509956133366e-06, "dist_entropy": 0.05062805662552516, "actor_grad_norm": 0.3219536244869232, "critic_grad_norm": 0.06647773832082748, "ratio": 0.9999960064888, "dead_ratio": 0.01320132013201325, "average_step_rewards": -0.25643834471702576, "eval_average_episode_rewards": 20.0, "eval_win_rate": 1.0, "_runtime": 24352.091289520264, "_step": 1999100, "_wandb": {"runtime": 24358}}