{"incre_win_rate": 0.06666666666666667, "_timestamp": 1716992783.4842436, "value_loss": 0.022084979961315792, "policy_loss": -0.03287138396117371, "dist_entropy": 0.34353205959002175, "actor_grad_norm": 0.3551660180091858, "critic_grad_norm": 0.04756460338830948, "ratio": 1.0102089643478394, "dead_ratio": 0.1893564356435643, "average_step_rewards": 0.2737500071525574, "eval_average_episode_rewards": 10.625, "eval_win_rate": 0.0, "_runtime": 20520.718498706818, "_step": 867100}