{"incre_win_rate": 0.9411764705882353, "_timestamp": 1717091776.7198362, "value_loss": 0.18201052645842233, "policy_loss": -0.005232475316495785, "dist_entropy": 0.15293986201286316, "actor_grad_norm": 0.15832148492336273, "critic_grad_norm": 0.2982630133628845, "ratio": 1.0088210105895996, "dead_ratio": 0.0363036303630363, "average_step_rewards": -0.4838356077671051, "eval_average_episode_rewards": 20.0, "eval_win_rate": 1.0, "_runtime": 26603.184873342514, "_step": 1164100}