{"incre_win_rate": 0.0, "_timestamp": 1716359109.061042, "value_loss": 0.0006421562555866937, "policy_loss": -0.015561984309442067, "dist_entropy": 0.19459055264790853, "actor_grad_norm": 0.2235308736562729, "critic_grad_norm": 0.07047589868307114, "ratio": 0.9858256578445435, "dead_ratio": 0.4554455445544554, "reward_predicting_loss": 15.053812026977539, "shaping_weight": 1.0, "average_step_rewards": 0.336473286151886, "eval_average_episode_rewards": 2.958904109589041, "eval_win_rate": 0.0, "_runtime": 4211.814774990082, "_step": 158100}