{"incre_win_rate": 0.0, "_timestamp": 1716359417.956737, "value_loss": 0.1511622707049052, "policy_loss": -0.03404022003680656, "dist_entropy": 1.719781494140625, "actor_grad_norm": 0.500748872756958, "critic_grad_norm": 1.1749844551086426, "ratio": 1.0012511014938354, "dead_ratio": 0.2706270627062707, "average_step_rewards": -0.009999998845160007, "eval_average_episode_rewards": 0.0, "eval_win_rate": 0.0, "_runtime": 14.639549970626831, "_step": 100}