{"incre_win_rate": 1.0, "_timestamp": 1716293744.1641245, "value_loss": 0.0015453319065272808, "policy_loss": -0.007869373009590437, "dist_entropy": 0.08937275062004725, "actor_grad_norm": 0.3231162130832672, "critic_grad_norm": 0.017375539988279343, "ratio": 0.9961919784545898, "dead_ratio": 0.01320132013201325, "reward_predicting_loss": 677.8132934570312, "average_step_rewards": 1.4485079050064087, "eval_average_episode_rewards": 20.0, "eval_win_rate": 1.0, "_runtime": 23938.14214849472, "_step": 1619100}