{"average_shape_value": 1.132876712328767, "_timestamp": 1716643315.1528325, "incre_win_rate": 0.0, "value_loss": 0.007750912941992283, "policy_loss": -0.021474040659489428, "dist_entropy": 0.40967654983202617, "actor_grad_norm": 0.32817208766937256, "critic_grad_norm": 0.30860957503318787, "ratio": 1.021118402481079, "dead_ratio": 0.24752475247524752, "average_step_rewards": -0.8657533526420593, "eval_average_episode_rewards": 2.958904109589041, "eval_win_rate": 0.0, "_runtime": 310.4936056137085, "_step": 22900}