{"incre_win_rate": 1.0, "_timestamp": 1716354845.407915, "value_loss": 0.0003778227139264345, "policy_loss": -1.1538927670547613e-05, "dist_entropy": 0.06400388975938161, "actor_grad_norm": 0.2707972228527069, "critic_grad_norm": 0.023474596440792084, "ratio": 0.9999895691871643, "dead_ratio": 0.0033003300330033403, "reward_predicting_loss": 458.2410888671875, "shaping_weight": 0.0, "average_step_rewards": 0.9364383816719055, "eval_average_episode_rewards": 20.0, "eval_win_rate": 1.0, "_runtime": 59662.34631514549, "_step": 1999100, "_wandb": {"runtime": 59683}}