{"incre_win_rate": 0.0, "_timestamp": 1716992766.6052382, "value_loss": 0.014683266108234724, "policy_loss": -0.029134205951656136, "dist_entropy": 0.28103703260421753, "actor_grad_norm": 0.3495410084724426, "critic_grad_norm": 0.20165576040744781, "ratio": 0.991965115070343, "dead_ratio": 0.3081683168316832, "average_step_rewards": 0.27281248569488525, "eval_average_episode_rewards": 9.875, "eval_win_rate": 0.0, "_runtime": 20503.841608285904, "_step": 918100}