{"incre_win_rate": 0.725, "_timestamp": 1716359133.4691367, "value_loss": 0.2705648601055145, "policy_loss": -0.024447256583897806, "dist_entropy": 0.27235209147135414, "actor_grad_norm": 0.26578375697135925, "critic_grad_norm": 0.5557091236114502, "ratio": 1.0150059461593628, "dead_ratio": 0.25742574257425743, "reward_predicting_loss": 270.090576171875, "shaping_weight": 1.0, "average_step_rewards": 0.7615728974342346, "eval_average_episode_rewards": 20.0, "eval_win_rate": 1.0, "_runtime": 4236.367968797684, "_step": 157100}