{"incre_win_rate": 0.02040816326530612, "_timestamp": 1716399774.9132721, "value_loss": 0.08791606028874716, "policy_loss": -0.02493608068035821, "dist_entropy": 1.0480707963307698, "actor_grad_norm": 0.3422362804412842, "critic_grad_norm": 1.4858088493347168, "ratio": 1.0005344152450562, "dead_ratio": 0.24752475247524752, "reward_predicting_loss": 20.32366943359375, "shaping_weight": 0.006692850962281227, "average_step_rewards": 0.24487127363681793, "eval_average_episode_rewards": 8.328767123287669, "eval_win_rate": 0.0, "_runtime": 75.15861916542053, "_step": 2100}