{"incre_win_rate": 1.0, "_timestamp": 1716373709.8934507, "value_loss": 0.0013958962789426246, "policy_loss": -0.000122993636214197, "dist_entropy": 0.17525459627310436, "actor_grad_norm": 0.6514925956726074, "critic_grad_norm": 0.05633484199643135, "ratio": 1.0000075101852417, "dead_ratio": 0.0066006600660065695, "average_step_rewards": 0.9857890009880066, "eval_average_episode_rewards": 20.0, "eval_win_rate": 1.0, "_runtime": 14057.047450780869, "_step": 999100, "_wandb": {"runtime": 14076}}