{"average_shape_value": 8.27945205479452, "_timestamp": 1716657986.4326038, "incre_win_rate": 0.9, "value_loss": 0.18450555006663005, "policy_loss": -0.02516045858848024, "dist_entropy": 0.2855813463528951, "actor_grad_norm": 0.3411335051059723, "critic_grad_norm": 0.2958708703517914, "ratio": 1.0076531171798706, "dead_ratio": 0.03300330033003296, "average_step_rewards": 0.6832876801490784, "eval_average_episode_rewards": 20.0, "eval_win_rate": 1.0, "_runtime": 12713.989961862564, "_step": 1019700}