{"incre_win_rate": 0.0, "_timestamp": 1716359120.9113395, "value_loss": 0.0015973077155649663, "policy_loss": -0.019118891707449136, "dist_entropy": 0.2807037870089213, "actor_grad_norm": 0.2337409257888794, "critic_grad_norm": 0.05802706256508827, "ratio": 0.9881162047386169, "dead_ratio": 0.5379537953795379, "reward_predicting_loss": 5.2870988845825195, "shaping_weight": 1.0, "average_step_rewards": 0.07470757514238358, "eval_average_episode_rewards": 1.3150684931506849, "eval_win_rate": 0.0, "_runtime": 4224.055335521698, "_step": 159100}