{"incre_win_rate": 0.1232876712328767, "_timestamp": 1716245264.3439646, "value_loss": 0.2774552792310715, "policy_loss": -0.032003730275415164, "dist_entropy": 0.4333766420682271, "actor_grad_norm": 0.4273833930492401, "critic_grad_norm": 0.9920274019241333, "ratio": 0.9934465885162354, "dead_ratio": 0.21122112211221122, "average_step_rewards": 0.42356160283088684, "eval_average_episode_rewards": 7.200000000000001, "eval_win_rate": 0.0, "_runtime": 255.24290347099304, "_step": 20100}