{"incre_win_rate": 0.0, "_timestamp": 1716972160.9274223, "value_loss": 0.01716191036005815, "policy_loss": -0.03290206846621307, "dist_entropy": 0.7302766680717468, "actor_grad_norm": 0.56699538230896, "critic_grad_norm": 0.4438563883304596, "ratio": 1.0121724605560303, "dead_ratio": 0.2623762376237624, "average_step_rewards": -0.8450000286102295, "eval_average_episode_rewards": 5.125, "eval_win_rate": 0.0, "_runtime": 621.6377792358398, "_step": 27600, "cluster_avg_value": 1.0499999523162842}