{"incre_win_rate": 0.0, "_timestamp": 1716295405.5595546, "value_loss": 0.24915217459201813, "policy_loss": -0.03815723630805182, "dist_entropy": 1.3780778328577676, "actor_grad_norm": 0.44559356570243835, "critic_grad_norm": 1.6652039289474487, "ratio": 1.0028560161590576, "dead_ratio": 0.2838283828382838, "reward_predicting_loss": 9.434532165527344, "shaping_weight": 0.00407013762742281, "average_step_rewards": 0.14541420340538025, "eval_average_episode_rewards": 4.0, "eval_win_rate": 0.0, "_runtime": 46.60163164138794, "_step": 1100}