{"incre_win_rate": 1.0, "_timestamp": 1717054466.0523026, "value_loss": 0.0010038785364789268, "policy_loss": -0.017228355406838692, "dist_entropy": 0.28285110195477803, "actor_grad_norm": 0.4630334973335266, "critic_grad_norm": 0.015836678445339203, "ratio": 0.986264169216156, "dead_ratio": 0.04290429042904287, "average_step_rewards": 0.693600058555603, "eval_average_episode_rewards": 20.0, "eval_win_rate": 1.0, "_runtime": 18120.873220682144, "_step": 1503100}