{"incre_win_rate": 1.0, "_timestamp": 1717138565.1956377, "value_loss": 0.008432786911725998, "policy_loss": -3.683500610070685e-06, "dist_entropy": 0.02574487365782261, "actor_grad_norm": 0.130848228931427, "critic_grad_norm": 0.05228376388549805, "ratio": 1.0000035762786865, "dead_ratio": 0.0033003300330033403, "average_step_rewards": -0.28712326288223267, "eval_average_episode_rewards": 20.0, "eval_win_rate": 1.0, "_runtime": 45751.57162976265, "_step": 1999100, "_wandb": {"runtime": 45756}}