{"incre_win_rate": 0.48717948717948717, "_timestamp": 1716295200.698558, "value_loss": 0.06147870197892189, "policy_loss": -0.029030171160198983, "dist_entropy": 0.3767728169759115, "actor_grad_norm": 0.26492196321487427, "critic_grad_norm": 0.6160399317741394, "ratio": 0.9765967726707458, "dead_ratio": 0.1089108910891089, "reward_predicting_loss": 660.7715454101562, "shaping_weight": 1.0, "average_step_rewards": 1.6301696300506592, "eval_average_episode_rewards": 8.328767123287669, "eval_win_rate": 0.0, "_runtime": 1103.7765860557556, "_step": 71100}