{"incre_win_rate": 0.3181818181818182, "_timestamp": 1716526304.0018122, "value_loss": 0.1490577111641566, "policy_loss": -0.03581554051256776, "dist_entropy": 0.33613858024279275, "actor_grad_norm": 0.2649169862270355, "critic_grad_norm": 0.40819934010505676, "ratio": 0.9867904782295227, "dead_ratio": 0.20132013201320131, "average_step_rewards": -1.3873971700668335, "eval_average_episode_rewards": 20.0, "eval_win_rate": 1.0, "_runtime": 2542.4559891223907, "_step": 208100}