{"incre_win_rate": 0.78, "_timestamp": 1716526037.2020135, "value_loss": 0.1600526750087738, "policy_loss": -0.007635056455642797, "dist_entropy": 0.16866265336672465, "actor_grad_norm": 0.11935044825077057, "critic_grad_norm": 0.4038606584072113, "ratio": 0.994515061378479, "dead_ratio": 0.1089108910891089, "average_step_rewards": -1.0213698148727417, "eval_average_episode_rewards": 20.0, "eval_win_rate": 1.0, "_runtime": 2275.656190395355, "_step": 186100}