{"incre_win_rate": 0.04081632653061224, "_timestamp": 1716523993.6340027, "value_loss": 0.025669364631175993, "policy_loss": -0.01563029943304007, "dist_entropy": 0.46424927910168967, "actor_grad_norm": 0.33585092425346375, "critic_grad_norm": 0.09970025718212128, "ratio": 0.9941583275794983, "dead_ratio": 0.2376237623762376, "average_step_rewards": -1.6942466497421265, "eval_average_episode_rewards": 8.32876712328767, "eval_win_rate": 0.0, "_runtime": 232.08817958831787, "_step": 18100}