{"incre_win_rate": 0.8235294117647058, "_timestamp": 1716540011.01477, "value_loss": 0.030492734784881275, "policy_loss": -0.0183379152021837, "dist_entropy": 0.1581553320089976, "actor_grad_norm": 0.30603405833244324, "critic_grad_norm": 0.28549039363861084, "ratio": 0.9897874593734741, "dead_ratio": 0.05280528052805278, "average_step_rewards": -0.8471232652664185, "eval_average_episode_rewards": 20.0, "eval_win_rate": 1.0, "_runtime": 16249.468946933746, "_step": 1337100}