{"incre_win_rate": 0.7619047619047619, "_timestamp": 1716359110.0744, "value_loss": 0.18482478559017182, "policy_loss": -0.01778291941816808, "dist_entropy": 0.19379163483778636, "actor_grad_norm": 0.23549482226371765, "critic_grad_norm": 0.7182663679122925, "ratio": 0.988761305809021, "dead_ratio": 0.18811881188118806, "reward_predicting_loss": 264.8551940917969, "shaping_weight": 1.0, "average_step_rewards": 0.682455837726593, "eval_average_episode_rewards": 19.999999999999996, "eval_win_rate": 1.0, "_runtime": 3926.994048833847, "_step": 143100}