{"incre_win_rate": 0.0, "_timestamp": 1716988979.3728929, "value_loss": 0.17365676363309224, "policy_loss": -0.020446587889455258, "dist_entropy": 0.29794464707374574, "actor_grad_norm": 0.24657206237316132, "critic_grad_norm": 0.2601560354232788, "ratio": 1.0003520250320435, "dead_ratio": 0.23143564356435642, "average_step_rewards": -1.228124976158142, "eval_average_episode_rewards": 2.625, "eval_win_rate": 0.0, "_runtime": 16708.060929775238, "_step": 635100, "cluster_avg_value": 1.2265625}