{"incre_win_rate": 0.6842105263157895, "_timestamp": 1716399785.1411867, "value_loss": 0.22297421495119732, "policy_loss": -0.031502774049733714, "dist_entropy": 0.39623674750328064, "actor_grad_norm": 0.33348941802978516, "critic_grad_norm": 0.734428882598877, "ratio": 1.0389286279678345, "dead_ratio": 0.13531353135313529, "average_step_rewards": 0.6556739807128906, "eval_average_episode_rewards": 20.0, "eval_win_rate": 1.0, "_runtime": 1622.558159828186, "_step": 92100}