{"average_shape_value": NaN, "_timestamp": 1716643385.2398798, "incre_win_rate": 0.0, "value_loss": 0.5718729098637899, "policy_loss": -0.03270350607841881, "dist_entropy": 1.7079954624176026, "actor_grad_norm": 0.4761661887168884, "critic_grad_norm": 3.1885998249053955, "ratio": 0.9999887347221375, "dead_ratio": 0.25082508250825086, "average_step_rewards": 0.04273972660303116, "eval_average_episode_rewards": 1.6438356164383563, "eval_win_rate": 0.0, "_runtime": 17.945735931396484, "_step": 300, "_wandb": {"runtime": 17}}