{"incre_win_rate": 0.9814814814814815, "_timestamp": 1717182181.6845412, "value_loss": 0.006956442631781102, "policy_loss": -1.6625829441766864e-05, "dist_entropy": 0.07298493633667628, "actor_grad_norm": 0.27081072330474854, "critic_grad_norm": 0.1766403317451477, "ratio": 1.0000015497207642, "dead_ratio": 0.00990099009900991, "average_step_rewards": -0.1260274052619934, "eval_average_episode_rewards": 20.0, "eval_win_rate": 1.0, "_runtime": 24267.393121242523, "_step": 1999100, "_wandb": {"runtime": 24273}}