{"incre_win_rate": 0.48717948717948717, "_timestamp": 1716295212.7246003, "value_loss": 0.38869763215382896, "policy_loss": -0.04133233706089087, "dist_entropy": 0.5199502309163412, "actor_grad_norm": 0.33725059032440186, "critic_grad_norm": 1.4764314889907837, "ratio": 0.9905086159706116, "dead_ratio": 0.17491749174917492, "reward_predicting_loss": 21.946096420288086, "shaping_weight": 1.0, "average_step_rewards": 0.5585759282112122, "eval_average_episode_rewards": 20.0, "eval_win_rate": 1.0, "_runtime": 1116.0113813877106, "_step": 70100}