{"incre_win_rate": 0.9464285714285714, "_timestamp": 1716520799.2054083, "value_loss": 0.009199049199620883, "policy_loss": -3.135977866008943e-05, "dist_entropy": 0.04069541494051616, "actor_grad_norm": 0.49197256565093994, "critic_grad_norm": 0.2115272432565689, "ratio": 1.000028371810913, "dead_ratio": 0.0, "average_step_rewards": -0.2789040803909302, "eval_average_episode_rewards": 6.3013698630137, "eval_win_rate": 0.0, "_runtime": 24316.85151028633, "_step": 1999100, "_wandb": {"runtime": 24324}}