{"incre_win_rate": 0.813953488372093, "_timestamp": 1716399786.1231666, "value_loss": 0.09097008556127548, "policy_loss": -0.02301061264689075, "dist_entropy": 0.3191019495328267, "actor_grad_norm": 0.28470098972320557, "critic_grad_norm": 0.5134026408195496, "ratio": 1.0144296884536743, "dead_ratio": 0.1815181518151815, "average_step_rewards": 0.8069629669189453, "eval_average_episode_rewards": 20.0, "eval_win_rate": 1.0, "_runtime": 1623.5371406078339, "_step": 92100}