{"average_shape_value": NaN, "_timestamp": 1716643385.1358972, "incre_win_rate": 0.0, "value_loss": 0.6469816168149313, "policy_loss": -0.04347482209486297, "dist_entropy": 1.7164334456125896, "actor_grad_norm": 0.5674810409545898, "critic_grad_norm": 3.84428071975708, "ratio": 1.001633644104004, "dead_ratio": 0.30363036303630364, "average_step_rewards": 0.04273972660303116, "eval_average_episode_rewards": 0.6575342465753424, "eval_win_rate": 0.0, "_runtime": 17.78102207183838, "_step": 300, "_wandb": {"runtime": 17}}