{"incre_win_rate": 0.9814814814814815, "_timestamp": 1716449709.5048575, "value_loss": 0.18015316625436148, "policy_loss": -7.333266891507151e-06, "dist_entropy": 0.06985690842072169, "actor_grad_norm": 0.21308788657188416, "critic_grad_norm": 0.36752066016197205, "ratio": 1.0000030994415283, "dead_ratio": 0.05610561056105612, "reward_predicting_loss": 451.49298095703125, "shaping_weight": 1.6860386382974138e-28, "average_step_rewards": 1.0, "eval_average_episode_rewards": 20.0, "eval_win_rate": 1.0, "_runtime": 49620.93751859665, "_step": 1999100, "_wandb": {"runtime": 49626}}