{"incre_win_rate": 1.0, "_timestamp": 1716449640.428596, "value_loss": 0.00019005668388369183, "policy_loss": -3.246375643115584e-05, "dist_entropy": 0.06406322866678238, "actor_grad_norm": 0.4694700539112091, "critic_grad_norm": 0.013353749178349972, "ratio": 0.999991774559021, "dead_ratio": 0.0066006600660065695, "reward_predicting_loss": 573.0953979492188, "shaping_weight": 1.6860386382974138e-28, "average_step_rewards": 1.156712293624878, "eval_average_episode_rewards": 7.999999999999997, "eval_win_rate": 0.0, "_runtime": 49551.93282413483, "_step": 1999100, "_wandb": {"runtime": 49564}}