{"incre_win_rate": 0.01818181818181818, "_timestamp": 1717093159.330658, "value_loss": 0.1163350502649943, "policy_loss": -0.04384773278426017, "dist_entropy": 0.5512791117032368, "actor_grad_norm": 0.4028191566467285, "critic_grad_norm": 1.0501741170883179, "ratio": 1.011089563369751, "dead_ratio": 0.1452145214521452, "average_step_rewards": -1.8158903121948242, "eval_average_episode_rewards": 6.63013698630137, "eval_win_rate": 0.0, "_runtime": 1136.7891728878021, "_step": 50100}