{"incre_win_rate": 1.0, "_timestamp": 1716269782.8565068, "value_loss": 0.00023236043440798919, "policy_loss": 1.4582210121627526e-06, "dist_entropy": 0.027877632776896158, "actor_grad_norm": 0.1281970739364624, "critic_grad_norm": 0.011191087774932384, "ratio": 1.0000038146972656, "dead_ratio": 0.0, "average_step_rewards": 1.1468493938446045, "eval_average_episode_rewards": 20.0, "eval_win_rate": 1.0, "_runtime": 24268.237082719803, "_step": 1999100, "_wandb": {"runtime": 24273}}