{"incre_win_rate": 0.8695652173913043, "_timestamp": 1717157434.4437163, "value_loss": 0.0641516422231992, "policy_loss": -0.011065728910930517, "dist_entropy": 0.30869925022125244, "actor_grad_norm": 0.21687036752700806, "critic_grad_norm": 0.3835970163345337, "ratio": 0.9985713958740234, "dead_ratio": 0.08910891089108908, "average_step_rewards": -0.3205479383468628, "eval_average_episode_rewards": 20.0, "eval_win_rate": 1.0, "_runtime": 1968.397477388382, "_step": 155100}