{"incre_win_rate": 0.1111111111111111, "_timestamp": 1716399377.4617755, "value_loss": 0.1028912882010142, "policy_loss": -0.022114482414051412, "dist_entropy": 0.363692573706309, "actor_grad_norm": 0.32302603125572205, "critic_grad_norm": 1.0269739627838135, "ratio": 1.0172338485717773, "dead_ratio": 0.33333333333333337, "reward_predicting_loss": 36.251380920410156, "shaping_weight": 0.9999898672103882, "average_step_rewards": 0.7579329609870911, "eval_average_episode_rewards": 7.013698630136983, "eval_win_rate": 0.0, "_runtime": 948.6190075874329, "_step": 35100}