{"average_shape_value": NaN, "_timestamp": 1716643385.1584725, "incre_win_rate": 0.0, "value_loss": 0.5929084579149883, "policy_loss": -0.032268973827850246, "dist_entropy": 1.7039979775746663, "actor_grad_norm": 0.43521085381507874, "critic_grad_norm": 3.023008346557617, "ratio": 1.0018560886383057, "dead_ratio": 0.23102310231023104, "average_step_rewards": 0.03945205733180046, "eval_average_episode_rewards": 0.9863013698630136, "eval_win_rate": 0.0, "_runtime": 17.812074422836304, "_step": 300, "_wandb": {"runtime": 17}}