{"incre_win_rate": 0.0, "_timestamp": 1717019237.040354, "value_loss": 0.016085023308793703, "policy_loss": -7.678242257516862e-05, "dist_entropy": 0.08487173517545064, "actor_grad_norm": 1.0613441467285156, "critic_grad_norm": 0.20713026821613312, "ratio": 1.000042200088501, "dead_ratio": 0.1089108910891089, "average_step_rewards": -11.581917762756348, "eval_average_episode_rewards": 2.3013698630136985, "eval_win_rate": 0.0, "_runtime": 26325.685117006302, "_step": 2000000, "cluster_avg_value": 1.6383562088012695, "_wandb": {"runtime": 26325}}