{"incre_win_rate": 0.0, "_timestamp": 1717018988.4180098, "value_loss": 0.006400618329644203, "policy_loss": -6.964501481618868e-05, "dist_entropy": 0.13012757500012714, "actor_grad_norm": 0.8916981816291809, "critic_grad_norm": 0.047432027757167816, "ratio": 1.0000066757202148, "dead_ratio": 0.05610561056105612, "average_step_rewards": -6.3589043617248535, "eval_average_episode_rewards": 3.6164383561643834, "eval_win_rate": 0.0, "_runtime": 26077.06661272049, "_step": 2000000, "cluster_avg_value": 1.7890409231185913, "_wandb": {"runtime": 26077}}