{"incre_win_rate": 0.0, "_timestamp": 1716294054.9058902, "value_loss": 0.18696912725766499, "policy_loss": -0.045759842986163805, "dist_entropy": 1.4690017302831013, "actor_grad_norm": 0.5451105237007141, "critic_grad_norm": 1.7585740089416504, "ratio": 0.9972952604293823, "dead_ratio": 0.40594059405940597, "reward_predicting_loss": 4.591801166534424, "shaping_weight": 0.0, "average_step_rewards": 0.08602739125490189, "eval_average_episode_rewards": 8.328767123287669, "eval_win_rate": 0.0, "_runtime": 28.878488302230835, "_step": 1100}