{"incre_win_rate": 0.0, "_timestamp": 1717157429.397924, "value_loss": 0.030131537715593973, "policy_loss": -0.008849239926885724, "dist_entropy": 0.11641856580972672, "actor_grad_norm": 0.15144653618335724, "critic_grad_norm": 0.177567258477211, "ratio": 1.0039020776748657, "dead_ratio": 0.1815181518151815, "average_step_rewards": -0.8175342679023743, "eval_average_episode_rewards": 5.260273972602738, "eval_win_rate": 0.0, "_runtime": 1963.4036178588867, "_step": 149100}