{"incre_win_rate": 1.0, "_timestamp": 1716449392.0099413, "value_loss": 0.00026783329667523503, "policy_loss": -2.9072825571200648e-05, "dist_entropy": 0.09283885210752488, "actor_grad_norm": 0.48889562487602234, "critic_grad_norm": 0.009829303249716759, "ratio": 0.9999979734420776, "dead_ratio": 0.0066006600660065695, "reward_predicting_loss": 442.147216796875, "shaping_weight": 1.6860386382974138e-28, "average_step_rewards": 1.0367122888565063, "eval_average_episode_rewards": 20.0, "eval_win_rate": 1.0, "_runtime": 49303.44058537483, "_step": 1999100, "_wandb": {"runtime": 49312}}