{"average_shape_value": 9.74794520547945, "_timestamp": 1716659265.9740326, "incre_win_rate": 0.38636363636363635, "value_loss": 0.17023271918296815, "policy_loss": -0.015928538543296848, "dist_entropy": 0.2400112897157669, "actor_grad_norm": 0.2156274914741516, "critic_grad_norm": 0.3904567360877991, "ratio": 0.9989928603172302, "dead_ratio": 0.16501650165016502, "average_step_rewards": 0.592876672744751, "eval_average_episode_rewards": 8.32876712328767, "eval_win_rate": 0.0, "_runtime": 1229.7794756889343, "_step": 97200}