{"incre_win_rate": 1.0, "_timestamp": 1716350494.804778, "value_loss": 0.0005277397537914415, "policy_loss": -6.503030964222963e-05, "dist_entropy": 0.06233846619725227, "actor_grad_norm": 0.6312327980995178, "critic_grad_norm": 0.012396431528031826, "ratio": 0.9999517798423767, "dead_ratio": 0.0, "reward_predicting_loss": 435.6088562011719, "shaping_weight": 0.0, "average_step_rewards": 1.0536986589431763, "eval_average_episode_rewards": 20.0, "eval_win_rate": 1.0, "_runtime": 55311.57537198067, "_step": 1999100, "_wandb": {"runtime": 55329}}