{"incre_win_rate": 1.0, "_timestamp": 1716520861.5846946, "value_loss": 0.006445683104296525, "policy_loss": -1.2641112130395982e-05, "dist_entropy": 0.04223834226528803, "actor_grad_norm": 0.3202868700027466, "critic_grad_norm": 0.03173957020044327, "ratio": 1.0000038146972656, "dead_ratio": 0.0, "average_step_rewards": -0.08712328225374222, "eval_average_episode_rewards": 20.0, "eval_win_rate": 1.0, "_runtime": 24378.95038151741, "_step": 1999100, "_wandb": {"runtime": 24387}}