{"average_shape_value": 1.6616438356279493, "_timestamp": 1716642914.8995566, "incre_win_rate": 0.0, "value_loss": 0.11207325557867685, "policy_loss": -0.038479183492708555, "dist_entropy": 0.8776692907015483, "actor_grad_norm": 0.4413747489452362, "critic_grad_norm": 0.7302265763282776, "ratio": 1.004284143447876, "dead_ratio": 0.2178217821782178, "average_step_rewards": -1.6783561706542969, "eval_average_episode_rewards": 4.602739726027397, "eval_win_rate": 0.0, "_runtime": 325.46414065361023, "_step": 24600}