{"average_shape_value": 1.9534246575342464, "_timestamp": 1716660364.0671432, "incre_win_rate": 0.0, "value_loss": 0.0059581644833087925, "policy_loss": -0.04166455839064209, "dist_entropy": 0.6695900917053222, "actor_grad_norm": 0.4579468369483948, "critic_grad_norm": 0.2696757912635803, "ratio": 1.017084002494812, "dead_ratio": 0.2541254125412541, "average_step_rewards": -1.0701369047164917, "eval_average_episode_rewards": 2.6301369863013697, "eval_win_rate": 0.0, "_runtime": 1055.8919761180878, "_step": 78600}