{"incre_win_rate": 0.475, "_timestamp": 1716452364.2496972, "value_loss": 0.24149006207784016, "policy_loss": -0.023939437614310322, "dist_entropy": 0.2897493938604991, "actor_grad_norm": 0.2510541081428528, "critic_grad_norm": 0.6833891868591309, "ratio": 1.0017609596252441, "dead_ratio": 0.25082508250825086, "reward_predicting_loss": 35.97169494628906, "shaping_weight": 1.0, "average_step_rewards": 0.3326832950115204, "eval_average_episode_rewards": 20.0, "eval_win_rate": 1.0, "_runtime": 2636.061452150345, "_step": 162100}