{"incre_win_rate": 0.27906976744186046, "_timestamp": 1716359113.2936878, "value_loss": 0.3567452033360799, "policy_loss": -0.02753383427237471, "dist_entropy": 0.29834506710370384, "actor_grad_norm": 0.28791528940200806, "critic_grad_norm": 1.652468204498291, "ratio": 0.9651143550872803, "dead_ratio": 0.09240924092409242, "reward_predicting_loss": 411.9247131347656, "shaping_weight": 1.0, "average_step_rewards": 1.0132670402526855, "eval_average_episode_rewards": 19.999999999999996, "eval_win_rate": 1.0, "_runtime": 3930.441878795624, "_step": 143100}