{"incre_win_rate": 0.0, "_timestamp": 1716359418.5970297, "value_loss": 0.2813713332017263, "policy_loss": -0.03231290995954671, "dist_entropy": 1.7545573075612386, "actor_grad_norm": 0.47226986289024353, "critic_grad_norm": 1.10764479637146, "ratio": 0.9976361393928528, "dead_ratio": 0.20462046204620465, "average_step_rewards": -0.009999998845160007, "eval_average_episode_rewards": 0.6575342465753424, "eval_win_rate": 0.0, "_runtime": 15.229225635528564, "_step": 100}