{"incre_win_rate": 0.0, "_timestamp": 1716972119.8944175, "value_loss": 0.0504223940273126, "policy_loss": -0.04351633857382797, "dist_entropy": 0.9005682388941447, "actor_grad_norm": 0.5569713115692139, "critic_grad_norm": 1.0059562921524048, "ratio": 1.0004068613052368, "dead_ratio": 0.28712871287128716, "average_step_rewards": 0.35062500834465027, "eval_average_episode_rewards": 6.65625, "eval_win_rate": 0.0, "_runtime": 465.6650764942169, "_step": 18100}