{"incre_win_rate": 0.7755102040816326, "_timestamp": 1717219186.1057847, "value_loss": 0.21202999452749888, "policy_loss": -0.01337407250652755, "dist_entropy": 0.2639845808347066, "actor_grad_norm": 0.27207309007644653, "critic_grad_norm": 0.4442797005176544, "ratio": 1.0011214017868042, "dead_ratio": 0.0726072607260726, "average_step_rewards": -0.23835617303848267, "eval_average_episode_rewards": 20.0, "eval_win_rate": 1.0, "_runtime": 2495.8397545814514, "_step": 200100}