{"incre_win_rate": 1.0, "_timestamp": 1716354860.4294977, "value_loss": 0.000676784183209141, "policy_loss": -1.4559427827235775e-05, "dist_entropy": 0.10619217306375503, "actor_grad_norm": 0.37219303846359253, "critic_grad_norm": 0.01395825482904911, "ratio": 0.999992311000824, "dead_ratio": 0.00990099009900991, "reward_predicting_loss": 429.0433349609375, "shaping_weight": 0.0, "average_step_rewards": 1.0, "eval_average_episode_rewards": 20.0, "eval_win_rate": 1.0, "_runtime": 59677.35694479942, "_step": 1999100, "_wandb": {"runtime": 59695}}