{"incre_win_rate": 1.0, "_timestamp": 1716350470.267938, "value_loss": 0.0003449035051744431, "policy_loss": -1.1614057768246274e-05, "dist_entropy": 0.10126360207796097, "actor_grad_norm": 0.41859936714172363, "critic_grad_norm": 0.024658482521772385, "ratio": 0.9999991059303284, "dead_ratio": 0.0, "reward_predicting_loss": 499.1174621582031, "shaping_weight": 0.0, "average_step_rewards": 1.0, "eval_average_episode_rewards": 20.0, "eval_win_rate": 1.0, "_runtime": 55287.4966878891, "_step": 1999100, "_wandb": {"runtime": 55309}}