{"incre_win_rate": 0.09111111111111111, "_timestamp": 1716245261.2630923, "value_loss": 0.4568742076555888, "policy_loss": -0.023309037913116035, "dist_entropy": 0.3911742846171061, "actor_grad_norm": 0.4501815736293793, "critic_grad_norm": 2.0176444053649902, "ratio": 1.0052549839019775, "dead_ratio": 0.1452145214521452, "average_step_rewards": 0.5556164383888245, "eval_average_episode_rewards": 6.991780821917809, "eval_win_rate": 0.0, "_runtime": 252.15198731422424, "_step": 20100}