{"incre_win_rate": 0.3404255319148936, "_timestamp": 1717157427.7202957, "value_loss": 0.08017592628796895, "policy_loss": -0.026682537812912698, "dist_entropy": 0.3352375864982605, "actor_grad_norm": 0.2783636748790741, "critic_grad_norm": 0.42784303426742554, "ratio": 1.0032340288162231, "dead_ratio": 0.16171617161716167, "average_step_rewards": -1.2652055025100708, "eval_average_episode_rewards": 5.917808219178082, "eval_win_rate": 0.0, "_runtime": 1961.6631345748901, "_step": 149100}