{"incre_win_rate": 1.0, "_timestamp": 1716350657.9844918, "value_loss": 0.00033736284628200033, "policy_loss": -7.765515655151489e-05, "dist_entropy": 0.1385231574376424, "actor_grad_norm": 0.7406073808670044, "critic_grad_norm": 0.0261376965790987, "ratio": 0.999970555305481, "dead_ratio": 0.0, "reward_predicting_loss": 534.5980834960938, "shaping_weight": 1.6860386382974138e-28, "average_step_rewards": 1.1605479717254639, "eval_average_episode_rewards": 20.0, "eval_win_rate": 1.0, "_runtime": 55210.13585472107, "_step": 1999100, "_wandb": {"runtime": 55216}}