{"incre_win_rate": 0.9818181818181818, "_timestamp": 1716520860.117795, "value_loss": 0.01685266519586245, "policy_loss": -2.0780882428598584e-05, "dist_entropy": 0.04848220373193423, "actor_grad_norm": 0.3340800106525421, "critic_grad_norm": 0.04456969350576401, "ratio": 1.0000007152557373, "dead_ratio": 0.02640264026402639, "average_step_rewards": -0.28383558988571167, "eval_average_episode_rewards": 20.0, "eval_win_rate": 1.0, "_runtime": 24377.75624895096, "_step": 1999100, "_wandb": {"runtime": 24386}}