{"incre_win_rate": 1.0, "_timestamp": 1717139226.9378028, "value_loss": 0.00039273168658837676, "policy_loss": -4.413440460548183e-05, "dist_entropy": 0.12037696540355683, "actor_grad_norm": 0.49541857838630676, "critic_grad_norm": 0.009610103443264961, "ratio": 0.9999907612800598, "dead_ratio": 0.0, "average_step_rewards": 1.0164382457733154, "eval_average_episode_rewards": 20.0, "eval_win_rate": 1.0, "_runtime": 46028.927256822586, "_step": 1999100, "_wandb": {"runtime": 46048}}