{"incre_win_rate": 0.9, "_timestamp": 1717225104.197818, "value_loss": 0.11492666552464167, "policy_loss": -0.009660300366798916, "dist_entropy": 0.20871837238470714, "actor_grad_norm": 0.12852932512760162, "critic_grad_norm": 0.22408689558506012, "ratio": 1.0092315673828125, "dead_ratio": 0.09900990099009899, "average_step_rewards": -1.5780823230743408, "eval_average_episode_rewards": 7.342465753424656, "eval_win_rate": 0.0, "_runtime": 5853.158254146576, "_step": 482100}