{"incre_win_rate": 0.8571428571428571, "_timestamp": 1717225109.7862718, "value_loss": 0.07007865905761719, "policy_loss": -0.005810974587828947, "dist_entropy": 0.2673626959323883, "actor_grad_norm": 0.09572522342205048, "critic_grad_norm": 0.16765166819095612, "ratio": 0.9981406927108765, "dead_ratio": 0.01320132013201325, "average_step_rewards": -1.2838356494903564, "eval_average_episode_rewards": 20.0, "eval_win_rate": 1.0, "_runtime": 5858.757118701935, "_step": 469100}