{"incre_win_rate": 0.0, "_timestamp": 1716399366.4120388, "value_loss": 0.044719162334998445, "policy_loss": -0.03460202972803792, "dist_entropy": 0.46354321837425233, "actor_grad_norm": 0.39600467681884766, "critic_grad_norm": 0.4150748550891876, "ratio": 0.9961402416229248, "dead_ratio": 0.429042904290429, "reward_predicting_loss": 16.470989227294922, "shaping_weight": 0.9999833106994629, "average_step_rewards": 0.3117520213127136, "eval_average_episode_rewards": 4.6575342465753415, "eval_win_rate": 0.0, "_runtime": 937.9844768047333, "_step": 34100}