{"incre_win_rate": 1.0, "_timestamp": 1716520886.4287865, "value_loss": 0.008612591524918873, "policy_loss": -9.345743321069004e-06, "dist_entropy": 0.03449786206086477, "actor_grad_norm": 0.23377738893032074, "critic_grad_norm": 0.04250632971525192, "ratio": 0.9999972581863403, "dead_ratio": 0.0, "average_step_rewards": -0.19232876598834991, "eval_average_episode_rewards": 20.0, "eval_win_rate": 1.0, "_runtime": 24404.066289424896, "_step": 1999100, "_wandb": {"runtime": 24408}}