{"incre_win_rate": 1.0, "_timestamp": 1716383669.5009265, "value_loss": 0.0002909165962288777, "policy_loss": -0.00016865343372849396, "dist_entropy": 0.15259681046009063, "actor_grad_norm": 0.8504500389099121, "critic_grad_norm": 0.009411520324647427, "ratio": 1.0000061988830566, "dead_ratio": 0.0066006600660065695, "average_step_rewards": 1.013150691986084, "eval_average_episode_rewards": 20.0, "eval_win_rate": 1.0, "_runtime": 13814.966510534286, "_step": 999100, "_wandb": {"runtime": 13819}}