{"average_shape_value": 9.364383561643836, "_timestamp": 1716657987.3999155, "incre_win_rate": 0.9111111111111111, "value_loss": 0.005649625603109598, "policy_loss": -0.024277359382999228, "dist_entropy": 0.40958020885785423, "actor_grad_norm": 0.32718631625175476, "critic_grad_norm": 0.11832992732524872, "ratio": 0.9770672917366028, "dead_ratio": 0.01980198019801982, "average_step_rewards": 0.8504109382629395, "eval_average_episode_rewards": 20.0, "eval_win_rate": 1.0, "_runtime": 12714.961368560791, "_step": 1018400}