{"incre_win_rate": 0.43902439024390244, "_timestamp": 1716399375.2351513, "value_loss": 0.1268155465523402, "policy_loss": -0.01579102722149628, "dist_entropy": 0.21891238490740458, "actor_grad_norm": 0.24051055312156677, "critic_grad_norm": 0.790482759475708, "ratio": 0.9982480406761169, "dead_ratio": 0.29702970297029707, "reward_predicting_loss": 366.6079406738281, "shaping_weight": 0.9999898672103882, "average_step_rewards": 1.497619390487671, "eval_average_episode_rewards": 8.328767123287667, "eval_win_rate": 0.0, "_runtime": 946.5178363323212, "_step": 35100}