{"incre_win_rate": 1.0, "_timestamp": 1717091776.3665464, "value_loss": 0.01903121992945671, "policy_loss": -0.006412099668609983, "dist_entropy": 0.10632175256808599, "actor_grad_norm": 0.18298158049583435, "critic_grad_norm": 0.12433099746704102, "ratio": 0.9968863129615784, "dead_ratio": 0.02970297029702973, "average_step_rewards": -0.2882191836833954, "eval_average_episode_rewards": 20.0, "eval_win_rate": 1.0, "_runtime": 26602.864480495453, "_step": 1167100}