{"incre_win_rate": 0.0, "_timestamp": 1716359417.8290765, "value_loss": 0.8028086185455322, "policy_loss": -0.034309173699606295, "dist_entropy": 1.7247408628463745, "actor_grad_norm": 0.45452114939689636, "critic_grad_norm": 2.155613660812378, "ratio": 1.006420373916626, "dead_ratio": 0.2904290429042904, "average_step_rewards": -0.009999998845160007, "eval_average_episode_rewards": 0.6575342465753424, "eval_win_rate": 0.0, "_runtime": 14.500429630279541, "_step": 100}