{"incre_win_rate": 1.0, "_timestamp": 1716445673.1453393, "value_loss": 0.0009819204142938057, "policy_loss": -1.7417113036917916e-05, "dist_entropy": 0.05701695655783017, "actor_grad_norm": 0.31194567680358887, "critic_grad_norm": 0.006576577201485634, "ratio": 1.0000009536743164, "dead_ratio": 0.0, "average_step_rewards": 1.043175220489502, "eval_average_episode_rewards": 20.0, "eval_win_rate": 1.0, "_runtime": 45527.54272723198, "_step": 1999100, "_wandb": {"runtime": 45547}}