{"average_shape_value": 10.00821917808219, "_timestamp": 1716657986.3053966, "incre_win_rate": 0.9130434782608695, "value_loss": 0.13016255646944047, "policy_loss": -0.009783577268854475, "dist_entropy": 0.3254916508992513, "actor_grad_norm": 0.2065761685371399, "critic_grad_norm": 0.21153618395328522, "ratio": 1.0086439847946167, "dead_ratio": 0.0726072607260726, "average_step_rewards": 0.859726071357727, "eval_average_episode_rewards": 20.0, "eval_win_rate": 1.0, "_runtime": 12713.622123479843, "_step": 1016000}