{"incre_win_rate": 0.9811320754716981, "_timestamp": 1717139358.791522, "value_loss": 0.005369533660511175, "policy_loss": -5.4839961319785854e-05, "dist_entropy": 0.05458495741089185, "actor_grad_norm": 0.5114153027534485, "critic_grad_norm": 0.06889286637306213, "ratio": 0.9999838471412659, "dead_ratio": 0.02310231023102305, "average_step_rewards": -1.465753436088562, "eval_average_episode_rewards": 20.0, "eval_win_rate": 1.0, "_runtime": 46545.17525291443, "_step": 1999100, "_wandb": {"runtime": 46552}}