{"average_shape_value": 1.2136986301369863, "_timestamp": 1716662094.00698, "incre_win_rate": 0.0, "value_loss": 0.08383467147747675, "policy_loss": -0.022971822636631837, "dist_entropy": 0.6940410614013672, "actor_grad_norm": 0.40230292081832886, "critic_grad_norm": 0.5983869433403015, "ratio": 0.9935579299926758, "dead_ratio": 0.29702970297029707, "average_step_rewards": -0.8663013577461243, "eval_average_episode_rewards": 3.671232876712329, "eval_win_rate": 0.0, "_runtime": 132.28767204284668, "_step": 9600}