{"incre_win_rate": 0.0, "_timestamp": 1716294056.4500859, "value_loss": 0.07775248140096665, "policy_loss": -0.04718969994309272, "dist_entropy": 1.4831791639328002, "actor_grad_norm": 0.48688265681266785, "critic_grad_norm": 1.3539047241210938, "ratio": 1.0007637739181519, "dead_ratio": 0.40594059405940597, "reward_predicting_loss": 30.861637115478516, "shaping_weight": 0.0, "average_step_rewards": 0.05917808413505554, "eval_average_episode_rewards": 5.315068493150683, "eval_win_rate": 0.0, "_runtime": 30.045079946517944, "_step": 1100}