{"incre_win_rate": 0.0, "_timestamp": 1716972161.803206, "value_loss": 0.03104306533932686, "policy_loss": -0.042293758255740006, "dist_entropy": 0.6941495378812154, "actor_grad_norm": 0.5019385814666748, "critic_grad_norm": 0.4318384826183319, "ratio": 0.9910616874694824, "dead_ratio": 0.34158415841584155, "average_step_rewards": -1.0924999713897705, "eval_average_episode_rewards": 3.0, "eval_win_rate": 0.0, "_runtime": 622.5554208755493, "_step": 26900, "cluster_avg_value": 1.0656249523162842}