{"incre_win_rate": 0.0, "_timestamp": 1716988978.815231, "value_loss": 0.20514960487683614, "policy_loss": -0.037230472150743786, "dist_entropy": 0.31412607034047446, "actor_grad_norm": 0.38811421394348145, "critic_grad_norm": 0.5343601703643799, "ratio": 0.9935773015022278, "dead_ratio": 0.37623762376237624, "average_step_rewards": -1.4212499856948853, "eval_average_episode_rewards": 1.3125, "eval_win_rate": 0.0, "_runtime": 16707.660420179367, "_step": 641100, "cluster_avg_value": 1.2921874523162842}