{"incre_win_rate": 0.0, "_timestamp": 1716523998.1747646, "value_loss": 0.11025661379098892, "policy_loss": -0.04392168037632006, "dist_entropy": 0.7823209484418233, "actor_grad_norm": 0.42172589898109436, "critic_grad_norm": 0.6952987909317017, "ratio": 1.0201988220214844, "dead_ratio": 0.20792079207920788, "average_step_rewards": -0.8087671399116516, "eval_average_episode_rewards": 4.273972602739725, "eval_win_rate": 0.0, "_runtime": 236.52825164794922, "_step": 18100}