{"incre_win_rate": 0.574468085106383, "_timestamp": 1716526301.2586212, "value_loss": 0.08087555716435114, "policy_loss": -0.023141108694683873, "dist_entropy": 0.2910189191500346, "actor_grad_norm": 0.261279433965683, "critic_grad_norm": 0.3219236433506012, "ratio": 0.9859988689422607, "dead_ratio": 0.08910891089108908, "average_step_rewards": -1.0663012266159058, "eval_average_episode_rewards": 20.0, "eval_win_rate": 1.0, "_runtime": 2539.612108230591, "_step": 202100}