{"incre_win_rate": 0.2549019607843137, "_timestamp": 1716526040.0614452, "value_loss": 0.14158626198768615, "policy_loss": -0.034609000065963375, "dist_entropy": 0.414315781990687, "actor_grad_norm": 0.42223191261291504, "critic_grad_norm": 0.7508576512336731, "ratio": 0.9807799458503723, "dead_ratio": 0.11221122112211224, "average_step_rewards": -1.334794282913208, "eval_average_episode_rewards": 5.315068493150685, "eval_win_rate": 0.0, "_runtime": 2278.4149322509766, "_step": 181100}