{"incre_win_rate": 0.9411764705882353, "_timestamp": 1716540007.7332182, "value_loss": 0.36957858204841615, "policy_loss": -0.01182674910057031, "dist_entropy": 0.15260675350824993, "actor_grad_norm": 0.20979103446006775, "critic_grad_norm": 0.7829248309135437, "ratio": 0.9951876401901245, "dead_ratio": 0.05610561056105612, "average_step_rewards": -0.8843835592269897, "eval_average_episode_rewards": 20.0, "eval_win_rate": 1.0, "_runtime": 16246.086705207825, "_step": 1311100}