{"incre_win_rate": 0.9622641509433962, "_timestamp": 1717091767.3160462, "value_loss": 0.006864653838177522, "policy_loss": -0.009575417382736618, "dist_entropy": 0.12688325395186742, "actor_grad_norm": 0.16826459765434265, "critic_grad_norm": 0.06764533370733261, "ratio": 0.9957505464553833, "dead_ratio": 0.0033003300330033403, "average_step_rewards": -0.1539725959300995, "eval_average_episode_rewards": 20.0, "eval_win_rate": 1.0, "_runtime": 26593.746460199356, "_step": 1164100}