{"incre_win_rate": 0.0, "_timestamp": 1716972127.642569, "value_loss": 0.007683691848069429, "policy_loss": -0.038057297658840146, "dist_entropy": 0.7307217518488566, "actor_grad_norm": 0.5291417241096497, "critic_grad_norm": 0.22754982113838196, "ratio": 1.0033155679702759, "dead_ratio": 0.6274752475247525, "average_step_rewards": 0.01875000074505806, "eval_average_episode_rewards": 1.3125, "eval_win_rate": 0.0, "_runtime": 473.38109397888184, "_step": 20100}