{"incre_win_rate": 0.0, "_timestamp": 1716972160.343645, "value_loss": 0.015802288117508095, "policy_loss": -0.04512173342406385, "dist_entropy": 0.5491918365160624, "actor_grad_norm": 0.5361911654472351, "critic_grad_norm": 0.37586838006973267, "ratio": 1.0137417316436768, "dead_ratio": 0.3329207920792079, "average_step_rewards": -0.7346875071525574, "eval_average_episode_rewards": 2.25, "eval_win_rate": 0.0, "_runtime": 621.0466480255127, "_step": 26900, "cluster_avg_value": 0.7953125238418579}