{"incre_win_rate": 0.0, "_timestamp": 1717093156.0825605, "value_loss": 0.00676118383804957, "policy_loss": -0.04220011383365355, "dist_entropy": 0.605334444840749, "actor_grad_norm": 0.39053845405578613, "critic_grad_norm": 0.4767877757549286, "ratio": 0.9895185232162476, "dead_ratio": 0.11221122112211224, "average_step_rewards": -1.531506896018982, "eval_average_episode_rewards": 4.6575342465753415, "eval_win_rate": 0.0, "_runtime": 1133.4129185676575, "_step": 50100}