{"incre_win_rate": 0.0, "_timestamp": 1716294056.9660869, "value_loss": 0.07055115203062694, "policy_loss": -0.039409430495431864, "dist_entropy": 1.486554535230001, "actor_grad_norm": 0.528293788433075, "critic_grad_norm": 1.1505939960479736, "ratio": 0.9957738518714905, "dead_ratio": 0.2376237623762376, "reward_predicting_loss": 7.757587432861328, "shaping_weight": 0.0, "average_step_rewards": 0.14794519543647766, "eval_average_episode_rewards": 1.9726027397260273, "eval_win_rate": 0.0, "_runtime": 30.787460803985596, "_step": 1100}