{"incre_win_rate": 0.0, "_timestamp": 1716991789.9862247, "value_loss": 0.014042675060530503, "policy_loss": -0.011982030801043127, "dist_entropy": 0.4151974439620972, "actor_grad_norm": 0.29023104906082153, "critic_grad_norm": 0.29694393277168274, "ratio": 1.0148789882659912, "dead_ratio": 0.2376237623762376, "average_step_rewards": -0.6136986017227173, "eval_average_episode_rewards": 2.958904109589041, "eval_win_rate": 0.0, "_runtime": 802.8907177448273, "_step": 30500, "cluster_avg_value": 0.6657534241676331}