{"incre_win_rate": 1.0, "_timestamp": 1717139367.9258068, "value_loss": 0.0015766497623796265, "policy_loss": -3.108448454494095e-05, "dist_entropy": 0.03955588489770889, "actor_grad_norm": 0.4959017038345337, "critic_grad_norm": 0.05595928058028221, "ratio": 1.0000160932540894, "dead_ratio": 0.0, "average_step_rewards": -1.2690411806106567, "eval_average_episode_rewards": 20.0, "eval_win_rate": 1.0, "_runtime": 46554.350816726685, "_step": 1999100, "_wandb": {"runtime": 46559}}