{"incre_win_rate": 0.0, "_timestamp": 1716295213.6016767, "value_loss": 0.08709710935751597, "policy_loss": -0.03629947580266719, "dist_entropy": 0.5630616744359335, "actor_grad_norm": 0.38872936367988586, "critic_grad_norm": 0.7148738503456116, "ratio": 0.985285758972168, "dead_ratio": 0.2706270627062707, "reward_predicting_loss": 48.663700103759766, "shaping_weight": 1.0, "average_step_rewards": 0.674651563167572, "eval_average_episode_rewards": 0.6575342465753424, "eval_win_rate": 0.0, "_runtime": 1116.9401926994324, "_step": 73100}