{"incre_win_rate": 0.0, "_timestamp": 1716359102.1224933, "value_loss": 0.01676445615788301, "policy_loss": -0.03701153981188933, "dist_entropy": 0.5567706863085429, "actor_grad_norm": 0.5637726783752441, "critic_grad_norm": 0.2322739213705063, "ratio": 0.9930420517921448, "dead_ratio": 0.5775577557755776, "reward_predicting_loss": 47.57112121582031, "shaping_weight": 1.0, "average_step_rewards": 0.6913530826568604, "eval_average_episode_rewards": 3.671232876712329, "eval_win_rate": 0.0, "_runtime": 3919.0287442207336, "_step": 145100}