{"incre_win_rate": 0.9814814814814815, "_timestamp": 1716293747.7118876, "value_loss": 0.0025090683174009126, "policy_loss": -0.0022255579037074352, "dist_entropy": 0.06082323988278707, "actor_grad_norm": 0.12629543244838715, "critic_grad_norm": 0.10657035559415817, "ratio": 1.0013306140899658, "dead_ratio": 0.0, "reward_predicting_loss": 635.82666015625, "average_step_rewards": 1.4044673442840576, "eval_average_episode_rewards": 20.0, "eval_win_rate": 1.0, "_runtime": 23941.741230487823, "_step": 1609100}