{"average_shape_value": 1.180821917808219, "_timestamp": 1716662093.3273392, "incre_win_rate": 0.0, "value_loss": 0.012858936501046022, "policy_loss": -0.018400191427914034, "dist_entropy": 0.4206532001495361, "actor_grad_norm": 0.2680871784687042, "critic_grad_norm": 0.16247352957725525, "ratio": 1.0148977041244507, "dead_ratio": 0.27722772277227725, "average_step_rewards": -0.718356192111969, "eval_average_episode_rewards": 3.6164383561643834, "eval_win_rate": 0.0, "_runtime": 131.21785926818848, "_step": 9500}