{"incre_win_rate": 0.0, "_timestamp": 1716972128.0037544, "value_loss": 0.02673343705634276, "policy_loss": -0.034534564695756366, "dist_entropy": 0.7839244842529297, "actor_grad_norm": 0.43410563468933105, "critic_grad_norm": 0.3503691256046295, "ratio": 1.0022096633911133, "dead_ratio": 0.29950495049504955, "average_step_rewards": 0.38093748688697815, "eval_average_episode_rewards": 8.9375, "eval_win_rate": 0.0, "_runtime": 473.7797713279724, "_step": 19100}