{"incre_win_rate": 0.0, "_timestamp": 1716395907.4862866, "value_loss": 0.04940376977125804, "policy_loss": -0.0483064856329392, "dist_entropy": 0.6708730936050415, "actor_grad_norm": 0.4786157011985779, "critic_grad_norm": 0.6684350967407227, "ratio": 1.005501389503479, "dead_ratio": 0.43234323432343236, "reward_predicting_loss": 15.37252140045166, "shaping_weight": 1.0, "average_step_rewards": 0.3378939628601074, "eval_average_episode_rewards": 4.986301369863013, "eval_win_rate": 0.0, "_runtime": 960.9404456615448, "_step": 171100, "_wandb": {"runtime": 962}}