{"incre_win_rate": 1.0, "_timestamp": 1716445698.199637, "value_loss": 0.00010243965953122824, "policy_loss": -7.928344992672956e-06, "dist_entropy": 0.07649215857187906, "actor_grad_norm": 0.28151288628578186, "critic_grad_norm": 0.00761416694149375, "ratio": 1.0000004768371582, "dead_ratio": 0.0, "average_step_rewards": 1.0238492488861084, "eval_average_episode_rewards": 20.0, "eval_win_rate": 1.0, "_runtime": 45552.62655496597, "_step": 1999100, "_wandb": {"runtime": 45567}}