{"incre_win_rate": 0.1111111111111111, "_timestamp": 1717157869.3484564, "value_loss": 0.9373751084009806, "policy_loss": -0.039296208000008444, "dist_entropy": 0.42719014286994933, "actor_grad_norm": 0.4544362723827362, "critic_grad_norm": 1.9856303930282593, "ratio": 0.989476203918457, "dead_ratio": 0.08910891089108908, "average_step_rewards": 0.3561643958091736, "eval_average_episode_rewards": 4.986301369863013, "eval_win_rate": 0.0, "_runtime": 417.59117436408997, "_step": 32100}