{"incre_win_rate": 0.9361702127659575, "_timestamp": 1716293745.248193, "value_loss": 0.013404161048432192, "policy_loss": -0.009347791203903218, "dist_entropy": 0.15076136191685993, "actor_grad_norm": 0.33659201860427856, "critic_grad_norm": 0.19961513578891754, "ratio": 0.9937176704406738, "dead_ratio": 0.05610561056105612, "reward_predicting_loss": 428.75897216796875, "average_step_rewards": 1.3271889686584473, "eval_average_episode_rewards": 20.0, "eval_win_rate": 1.0, "_runtime": 23939.280794143677, "_step": 1594100}