{"incre_win_rate": 0.8043478260869565, "_timestamp": 1717157434.2426887, "value_loss": 0.05865579222639402, "policy_loss": -0.01694031997881223, "dist_entropy": 0.1943624089161555, "actor_grad_norm": 0.20394571125507355, "critic_grad_norm": 0.48004549741744995, "ratio": 0.9737399220466614, "dead_ratio": 0.04620462046204621, "average_step_rewards": -0.22410960495471954, "eval_average_episode_rewards": 7.9999999999999964, "eval_win_rate": 0.0, "_runtime": 1968.2499356269836, "_step": 155100}