{"average_shape_value": 9.328767123287669, "_timestamp": 1716659265.6309955, "incre_win_rate": 0.55, "value_loss": 0.16574711799621583, "policy_loss": -0.030575779474848967, "dist_entropy": 0.39327415227890017, "actor_grad_norm": 0.29885923862457275, "critic_grad_norm": 0.6468640565872192, "ratio": 0.9992676377296448, "dead_ratio": 0.21452145214521456, "average_step_rewards": 0.5336986184120178, "eval_average_episode_rewards": 7.013698630136986, "eval_win_rate": 0.0, "_runtime": 1229.4659314155579, "_step": 94000}