{"incre_win_rate": 0.018867924528301886, "_timestamp": 1717157422.4498153, "value_loss": 0.6832753578821819, "policy_loss": -0.03351648423660502, "dist_entropy": 0.24205516576766967, "actor_grad_norm": 0.28276175260543823, "critic_grad_norm": 1.431219220161438, "ratio": 0.987231969833374, "dead_ratio": 0.17821782178217827, "average_step_rewards": -0.6750684380531311, "eval_average_episode_rewards": 5.260273972602738, "eval_win_rate": 0.0, "_runtime": 1956.4585251808167, "_step": 148100}