{"incre_win_rate": 0.9629629629629629, "_timestamp": 1717092730.565553, "value_loss": 0.05098150620857875, "policy_loss": 8.223677842996343e-07, "dist_entropy": 0.04362679620583852, "actor_grad_norm": 0.05642988532781601, "critic_grad_norm": 0.23412641882896423, "ratio": 1.000000238418579, "dead_ratio": 0.02310231023102305, "average_step_rewards": -0.1441096067428589, "eval_average_episode_rewards": 20.0, "eval_win_rate": 1.0, "_runtime": 37464.00254893303, "_step": 1999100, "_wandb": {"runtime": 37480}}