{"average_shape_value": 1.4315068493150684, "_timestamp": 1716644182.7466724, "incre_win_rate": 0.0, "value_loss": 0.01778994748989741, "policy_loss": -0.03593329267591991, "dist_entropy": 0.49415099024772646, "actor_grad_norm": 0.4340883791446686, "critic_grad_norm": 0.14808569848537445, "ratio": 1.006140112876892, "dead_ratio": 0.20132013201320131, "average_step_rewards": -0.4706849157810211, "eval_average_episode_rewards": 2.958904109589041, "eval_win_rate": 0.0, "_runtime": 589.2824153900146, "_step": 45500}