{"incre_win_rate": 0.0, "_timestamp": 1716972126.7595787, "value_loss": 0.0355560968319575, "policy_loss": -0.045716739861533524, "dist_entropy": 0.7900744199752807, "actor_grad_norm": 0.5438094139099121, "critic_grad_norm": 0.8457641005516052, "ratio": 1.0137767791748047, "dead_ratio": 0.3329207920792079, "average_step_rewards": 0.32875001430511475, "eval_average_episode_rewards": 7.59375, "eval_win_rate": 0.0, "_runtime": 472.70815873146057, "_step": 19100}