{"incre_win_rate": 0.08, "_timestamp": 1717157870.1470447, "value_loss": 0.06964851294954617, "policy_loss": -0.02174687139814656, "dist_entropy": 0.3319021165370941, "actor_grad_norm": 0.22080549597740173, "critic_grad_norm": 0.8706206679344177, "ratio": 0.996619701385498, "dead_ratio": 0.2739273927392739, "average_step_rewards": 0.3205479383468628, "eval_average_episode_rewards": 7.999999999999997, "eval_win_rate": 0.0, "_runtime": 418.383264541626, "_step": 32100}