{"incre_win_rate": 0.0, "_timestamp": 1716452357.9922662, "value_loss": 0.00326941084737579, "policy_loss": -0.042035850348510685, "dist_entropy": 0.49881348411242166, "actor_grad_norm": 0.45897403359413147, "critic_grad_norm": 0.08363223820924759, "ratio": 1.0181095600128174, "dead_ratio": 0.33003300330033003, "reward_predicting_loss": 19.581092834472656, "shaping_weight": 1.0, "average_step_rewards": 0.1269969344139099, "eval_average_episode_rewards": 0.6575342465753424, "eval_win_rate": 0.0, "_runtime": 2629.802488088608, "_step": 166100}