{"incre_win_rate": 0.6666666666666666, "_timestamp": 1716526301.4422112, "value_loss": 0.1318814143538475, "policy_loss": -0.011381792886240543, "dist_entropy": 0.27780364553133646, "actor_grad_norm": 0.17622508108615875, "critic_grad_norm": 0.573655366897583, "ratio": 0.973391056060791, "dead_ratio": 0.06930693069306926, "average_step_rewards": -1.192328691482544, "eval_average_episode_rewards": 20.0, "eval_win_rate": 1.0, "_runtime": 2539.803782224655, "_step": 202100}