{"incre_win_rate": 0.0, "_timestamp": 1716523997.234424, "value_loss": 1.4851165135701498, "policy_loss": -0.05785212240400099, "dist_entropy": 0.7858182112375895, "actor_grad_norm": 0.6399877667427063, "critic_grad_norm": 2.419370174407959, "ratio": 1.004446029663086, "dead_ratio": 0.3201320132013201, "average_step_rewards": -0.9052053689956665, "eval_average_episode_rewards": 3.6164383561643834, "eval_win_rate": 0.0, "_runtime": 235.5959951877594, "_step": 18100}