{"incre_win_rate": 0.9807692307692307, "_timestamp": 1716540006.6096206, "value_loss": 0.26880067586898804, "policy_loss": -0.0006906598262522934, "dist_entropy": 0.14658611714839936, "actor_grad_norm": 0.06751402467489243, "critic_grad_norm": 0.3616441786289215, "ratio": 1.0031782388687134, "dead_ratio": 0.06270627062706269, "average_step_rewards": -0.8339726328849792, "eval_average_episode_rewards": 20.0, "eval_win_rate": 1.0, "_runtime": 16244.971191644669, "_step": 1315100}