{"incre_win_rate": 0.5102040816326531, "_timestamp": 1716526027.879835, "value_loss": 0.22335137228171031, "policy_loss": -0.02544494985360591, "dist_entropy": 0.2648004988829295, "actor_grad_norm": 0.2855154573917389, "critic_grad_norm": 0.6629245281219482, "ratio": 1.0067946910858154, "dead_ratio": 0.08910891089108908, "average_step_rewards": -1.1441096067428589, "eval_average_episode_rewards": 20.0, "eval_win_rate": 1.0, "_runtime": 2266.2414059638977, "_step": 180100}