{"incre_win_rate": 0.0, "_timestamp": 1716972136.1596313, "value_loss": 0.014434760374327501, "policy_loss": -0.04740607299362173, "dist_entropy": 0.9151158054669698, "actor_grad_norm": 0.5532107353210449, "critic_grad_norm": 0.42958757281303406, "ratio": 1.004130482673645, "dead_ratio": 0.2821782178217822, "average_step_rewards": 0.38218748569488525, "eval_average_episode_rewards": 9.53125, "eval_win_rate": 0.0, "_runtime": 481.99045634269714, "_step": 19100}