{"incre_win_rate": 0.9512195121951219, "_timestamp": 1716449342.7374449, "value_loss": 0.014870851114392281, "policy_loss": -2.354600847412532e-05, "dist_entropy": 0.2124566932519277, "actor_grad_norm": 0.40355992317199707, "critic_grad_norm": 0.3045042157173157, "ratio": 0.9999858140945435, "dead_ratio": 0.04290429042904287, "reward_predicting_loss": 386.86883544921875, "shaping_weight": 1.6860386382974138e-28, "average_step_rewards": 0.8098629713058472, "eval_average_episode_rewards": 20.0, "eval_win_rate": 1.0, "_runtime": 49254.202432870865, "_step": 1999100, "_wandb": {"runtime": 49264}}