{"incre_win_rate": 0.0, "_timestamp": 1716972161.5448503, "value_loss": 0.02384084922571977, "policy_loss": -0.03520041822680468, "dist_entropy": 0.6202783306439718, "actor_grad_norm": 0.4077441990375519, "critic_grad_norm": 0.4841099977493286, "ratio": 0.9998776912689209, "dead_ratio": 0.349009900990099, "average_step_rewards": -0.7790625095367432, "eval_average_episode_rewards": 4.1875, "eval_win_rate": 0.0, "_runtime": 622.1730642318726, "_step": 27100, "cluster_avg_value": 0.785937488079071}