{"incre_win_rate": 0.9148936170212766, "_timestamp": 1717225108.6128457, "value_loss": 0.01938888132572174, "policy_loss": -0.016068428382820226, "dist_entropy": 0.24653263588746388, "actor_grad_norm": 0.19614648818969727, "critic_grad_norm": 0.1738898903131485, "ratio": 1.0030348300933838, "dead_ratio": 0.05280528052805278, "average_step_rewards": -0.22520548105239868, "eval_average_episode_rewards": 20.0, "eval_win_rate": 1.0, "_runtime": 5857.581193685532, "_step": 483100}