{"incre_win_rate": 0.2682926829268293, "_timestamp": 1717157866.2827806, "value_loss": 0.5789442380269368, "policy_loss": -0.019368152733028648, "dist_entropy": 0.2980216383934021, "actor_grad_norm": 0.3197407126426697, "critic_grad_norm": 2.0808169841766357, "ratio": 0.9922071695327759, "dead_ratio": 0.1815181518151815, "average_step_rewards": 0.6663012504577637, "eval_average_episode_rewards": 19.999999999999996, "eval_win_rate": 1.0, "_runtime": 414.52108573913574, "_step": 33100}