{"incre_win_rate": 0.9818181818181818, "_timestamp": 1717092788.1651335, "value_loss": 0.00718888488287727, "policy_loss": -2.6318487681227982e-05, "dist_entropy": 0.056921922912200294, "actor_grad_norm": 0.3366752564907074, "critic_grad_norm": 0.03821951895952225, "ratio": 0.9999973773956299, "dead_ratio": 0.0033003300330033403, "average_step_rewards": -0.12493151426315308, "eval_average_episode_rewards": 20.0, "eval_win_rate": 1.0, "_runtime": 37521.67370843887, "_step": 1998100}