{"incre_win_rate": 0.9245283018867925, "_timestamp": 1717139364.1179607, "value_loss": 0.07593007981777192, "policy_loss": -8.4935923704658e-07, "dist_entropy": 0.05805013900001844, "actor_grad_norm": 0.05612523481249809, "critic_grad_norm": 0.37509724497795105, "ratio": 0.9999988079071045, "dead_ratio": 0.04620462046204621, "average_step_rewards": -0.28876712918281555, "eval_average_episode_rewards": 20.0, "eval_win_rate": 1.0, "_runtime": 46550.58076071739, "_step": 1999100, "_wandb": {"runtime": 46556}}