{"incre_win_rate": 1.0, "_timestamp": 1717138518.9930391, "value_loss": 0.0004641995862281571, "policy_loss": -1.9434335960137142e-05, "dist_entropy": 0.09401470422744751, "actor_grad_norm": 0.4423958659172058, "critic_grad_norm": 0.010102750733494759, "ratio": 0.9999994039535522, "dead_ratio": 0.01320132013201325, "average_step_rewards": 1.1298630237579346, "eval_average_episode_rewards": 20.0, "eval_win_rate": 1.0, "_runtime": 45320.87827420235, "_step": 1999100, "_wandb": {"runtime": 45333}}