{"incre_win_rate": 1.0, "_timestamp": 1716354868.9916625, "value_loss": 0.000646144039152811, "policy_loss": -9.23905215603297e-06, "dist_entropy": 0.0558988943696022, "actor_grad_norm": 0.21825897693634033, "critic_grad_norm": 0.022801347076892853, "ratio": 0.9999918937683105, "dead_ratio": 0.0033003300330033403, "reward_predicting_loss": 471.9573669433594, "shaping_weight": 0.0, "average_step_rewards": 1.0432876348495483, "eval_average_episode_rewards": 20.0, "eval_win_rate": 1.0, "_runtime": 59686.08506155014, "_step": 1999100, "_wandb": {"runtime": 59701}}