{"incre_win_rate": 0.5813953488372093, "_timestamp": 1717157865.4001267, "value_loss": 0.17070740560690562, "policy_loss": -0.03438046122206883, "dist_entropy": 0.41681176821390786, "actor_grad_norm": 0.34746894240379333, "critic_grad_norm": 0.7057428956031799, "ratio": 0.9840008020401001, "dead_ratio": 0.09570957095709576, "average_step_rewards": 0.566575288772583, "eval_average_episode_rewards": 20.0, "eval_win_rate": 1.0, "_runtime": 413.70481276512146, "_step": 33100}