{"average_shape_value": 2.882191780821918, "_timestamp": 1716662093.4471223, "incre_win_rate": 0.09803921568627451, "value_loss": 0.838819416364034, "policy_loss": -0.04002210912950908, "dist_entropy": 0.9829291343688965, "actor_grad_norm": 0.4037218391895294, "critic_grad_norm": 3.0907299518585205, "ratio": 0.9980486631393433, "dead_ratio": 0.18481848184818483, "average_step_rewards": -1.0805480480194092, "eval_average_episode_rewards": 4.602739726027396, "eval_win_rate": 0.0, "_runtime": 131.72712922096252, "_step": 9500}