{"average_shape_value": 2.8438356164383563, "_timestamp": 1716660363.8688612, "incre_win_rate": 0.0, "value_loss": 0.02340327886243661, "policy_loss": -0.056119358507306434, "dist_entropy": 0.6573203484217326, "actor_grad_norm": 0.5150960087776184, "critic_grad_norm": 0.2122214436531067, "ratio": 0.98835688829422, "dead_ratio": 0.2376237623762376, "average_step_rewards": -1.0701369047164917, "eval_average_episode_rewards": 0.9863013698630136, "eval_win_rate": 0.0, "_runtime": 1055.7005422115326, "_step": 78900}