{"incre_win_rate": 0.14285714285714285, "_timestamp": 1716359575.619083, "value_loss": 0.40340498884518944, "policy_loss": -0.015655678140519314, "dist_entropy": 0.7459134618441264, "actor_grad_norm": 0.2600407004356384, "critic_grad_norm": 2.0579097270965576, "ratio": 0.9909571409225464, "dead_ratio": 0.2805280528052805, "average_step_rewards": 0.39560002088546753, "eval_average_episode_rewards": 7.342465753424655, "eval_win_rate": 0.0, "_runtime": 78.21777892112732, "_step": 5100}