{"incre_win_rate": 1.0, "_timestamp": 1716350508.492686, "value_loss": 0.0003859992488287389, "policy_loss": -3.3429517178973354e-05, "dist_entropy": 0.12607332766056062, "actor_grad_norm": 0.5668591260910034, "critic_grad_norm": 0.021284908056259155, "ratio": 0.999970555305481, "dead_ratio": 0.0, "reward_predicting_loss": 431.1389465332031, "shaping_weight": 1.6860386382974138e-28, "average_step_rewards": 0.8734247088432312, "eval_average_episode_rewards": 20.0, "eval_win_rate": 1.0, "_runtime": 55060.69508910179, "_step": 1999100, "_wandb": {"runtime": 55077}}