{"incre_win_rate": 0.6, "_timestamp": 1716526299.7534442, "value_loss": 0.24085247417291006, "policy_loss": -0.028984924236611084, "dist_entropy": 0.2956526458263397, "actor_grad_norm": 0.31275805830955505, "critic_grad_norm": 0.35913801193237305, "ratio": 0.985109269618988, "dead_ratio": 0.12541254125412538, "average_step_rewards": -1.2273972034454346, "eval_average_episode_rewards": 8.32876712328767, "eval_win_rate": 0.0, "_runtime": 2538.189978122711, "_step": 207100}