{"incre_win_rate": 0.24489795918367346, "_timestamp": 1716526030.254011, "value_loss": 0.15202871064345042, "policy_loss": -0.031884051878409696, "dist_entropy": 0.3253750522931417, "actor_grad_norm": 0.3169427216053009, "critic_grad_norm": 0.3205471634864807, "ratio": 0.9849830269813538, "dead_ratio": 0.12871287128712872, "average_step_rewards": -1.7084929943084717, "eval_average_episode_rewards": 7.6712328767123275, "eval_win_rate": 0.0, "_runtime": 2268.6905448436737, "_step": 185100}