{"incre_win_rate": 0.0, "_timestamp": 1716523993.2962441, "value_loss": 0.005149813756967585, "policy_loss": -0.03511523478956231, "dist_entropy": 0.5622436960538229, "actor_grad_norm": 0.6445822715759277, "critic_grad_norm": 0.3673003017902374, "ratio": 0.9907969832420349, "dead_ratio": 0.1188118811881188, "average_step_rewards": -1.7435616254806519, "eval_average_episode_rewards": 5.260273972602739, "eval_win_rate": 0.0, "_runtime": 231.73277807235718, "_step": 18100}