{"incre_win_rate": 1.0, "_timestamp": 1716540011.6257985, "value_loss": 0.07673423290252686, "policy_loss": -0.0036078071553587777, "dist_entropy": 0.08692070295413336, "actor_grad_norm": 0.10655450820922852, "critic_grad_norm": 0.31842896342277527, "ratio": 1.0045814514160156, "dead_ratio": 0.05940594059405946, "average_step_rewards": -0.6224657297134399, "eval_average_episode_rewards": 20.0, "eval_win_rate": 1.0, "_runtime": 16250.062332391739, "_step": 1337100}