{"average_shape_value": 0.46575342465753417, "_timestamp": 1716660680.3066735, "incre_win_rate": 0.0, "value_loss": 0.011496303540964922, "policy_loss": -0.030311985207778017, "dist_entropy": 0.4717738469441732, "actor_grad_norm": 0.3549405634403229, "critic_grad_norm": 0.3125380277633667, "ratio": 0.9956859350204468, "dead_ratio": 0.2739273927392739, "average_step_rewards": -0.5917807817459106, "eval_average_episode_rewards": 4.328767123287671, "eval_win_rate": 0.0, "_runtime": 212.25190353393555, "_step": 15900}