{"incre_win_rate": 0.2926829268292683, "_timestamp": 1717157869.6337173, "value_loss": 0.15839463273684184, "policy_loss": -0.030834772696868386, "dist_entropy": 0.4759295026461283, "actor_grad_norm": 0.3621774911880493, "critic_grad_norm": 0.5782825946807861, "ratio": 1.0073647499084473, "dead_ratio": 0.23102310231023104, "average_step_rewards": 0.41369861364364624, "eval_average_episode_rewards": 5.589041095890411, "eval_win_rate": 0.0, "_runtime": 417.89980936050415, "_step": 32100}