{"incre_win_rate": 0.13157894736842105, "_timestamp": 1716295213.152766, "value_loss": 0.435055144627889, "policy_loss": -0.036014729843102104, "dist_entropy": 0.44118149677912394, "actor_grad_norm": 0.4254489243030548, "critic_grad_norm": 1.498980164527893, "ratio": 0.9829923510551453, "dead_ratio": 0.29372937293729373, "reward_predicting_loss": 142.53701782226562, "shaping_weight": 1.0, "average_step_rewards": 0.5629980564117432, "eval_average_episode_rewards": 6.301369863013697, "eval_win_rate": 0.0, "_runtime": 1116.0738010406494, "_step": 70100}