{"incre_win_rate": 0.9230769230769231, "_timestamp": 1717091783.776051, "value_loss": 0.011659255747993787, "policy_loss": -0.014649976553554704, "dist_entropy": 0.17300800482432047, "actor_grad_norm": 0.2619895339012146, "critic_grad_norm": 0.10902398824691772, "ratio": 1.000301480293274, "dead_ratio": 0.01320132013201325, "average_step_rewards": -0.22465753555297852, "eval_average_episode_rewards": 19.999999999999996, "eval_win_rate": 1.0, "_runtime": 26610.23020505905, "_step": 1167100}