{"average_shape_value": 0.30552830294393696, "_timestamp": 1716642554.526992, "incre_win_rate": 0.0, "value_loss": 0.010031491828461489, "policy_loss": -0.0293177503456306, "dist_entropy": 1.1182642777760823, "actor_grad_norm": 0.45365867018699646, "critic_grad_norm": 0.18203739821910858, "ratio": 0.9987301230430603, "dead_ratio": 0.18481848184818483, "average_step_rewards": -0.1300504356622696, "eval_average_episode_rewards": 6.027397260273973, "eval_win_rate": 0.0, "_runtime": 47.99061298370361, "_step": 2600}