{"incre_win_rate": 0.0, "_timestamp": 1716294055.605494, "value_loss": 0.10952149579922359, "policy_loss": -0.04349004801790342, "dist_entropy": 1.5342273235321044, "actor_grad_norm": 0.47368767857551575, "critic_grad_norm": 0.968891441822052, "ratio": 1.0029939413070679, "dead_ratio": 0.2904290429042904, "reward_predicting_loss": 15.379054069519043, "shaping_weight": 0.0, "average_step_rewards": 0.08547945320606232, "eval_average_episode_rewards": 7.013698630136986, "eval_win_rate": 0.0, "_runtime": 29.45692205429077, "_step": 1100}