{"incre_win_rate": 0.38235294117647056, "_timestamp": 1716992763.2503524, "value_loss": 0.015023881755769252, "policy_loss": -0.02881008849763506, "dist_entropy": 0.31547590891520183, "actor_grad_norm": 0.3092125654220581, "critic_grad_norm": 0.05668940022587776, "ratio": 0.995015561580658, "dead_ratio": 0.28341584158415845, "average_step_rewards": 0.5940625071525574, "eval_average_episode_rewards": 10.0625, "eval_win_rate": 0.0, "_runtime": 20500.476786375046, "_step": 932100}