{"incre_win_rate": 0.0, "_timestamp": 1717093149.2609308, "value_loss": 0.015623244891564051, "policy_loss": -0.051085808622821104, "dist_entropy": 0.6725438197453817, "actor_grad_norm": 0.4631745219230652, "critic_grad_norm": 0.22069154679775238, "ratio": 0.9897405505180359, "dead_ratio": 0.17161716171617158, "average_step_rewards": -1.553972601890564, "eval_average_episode_rewards": 3.6164383561643834, "eval_win_rate": 0.0, "_runtime": 1126.433338880539, "_step": 73100}