{"incre_win_rate": 0.7708333333333334, "_timestamp": 1717219194.770704, "value_loss": 0.2264471133550008, "policy_loss": -0.027008715242838387, "dist_entropy": 0.3518371125062307, "actor_grad_norm": 0.2932204008102417, "critic_grad_norm": 0.3817640244960785, "ratio": 1.021344780921936, "dead_ratio": 0.1452145214521452, "average_step_rewards": -0.5221917629241943, "eval_average_episode_rewards": 20.0, "eval_win_rate": 1.0, "_runtime": 2504.4604029655457, "_step": 204100}