{"incre_win_rate": 0.0, "_timestamp": 1716972160.8371143, "value_loss": 0.007438029100497564, "policy_loss": -0.047125935065159295, "dist_entropy": 0.8637016932169597, "actor_grad_norm": 0.6134028434753418, "critic_grad_norm": 0.1697041392326355, "ratio": 1.0180015563964844, "dead_ratio": 0.29579207920792083, "average_step_rewards": -0.8903124928474426, "eval_average_episode_rewards": 4.90625, "eval_win_rate": 0.0, "_runtime": 621.5424053668976, "_step": 27600, "cluster_avg_value": 1.0656249523162842}