{"incre_win_rate": 1.0, "_timestamp": 1716445693.3219783, "value_loss": 0.0004751823803720375, "policy_loss": -0.00014660084687866023, "dist_entropy": 0.11527648170789083, "actor_grad_norm": 1.0917599201202393, "critic_grad_norm": 0.027869774028658867, "ratio": 0.9999536871910095, "dead_ratio": 0.02310231023102305, "average_step_rewards": 0.9831492900848389, "eval_average_episode_rewards": 6.3561643835616435, "eval_win_rate": 0.0, "_runtime": 45547.8378944397, "_step": 1999100, "_wandb": {"runtime": 45563}}