{"incre_win_rate": 1.0, "_timestamp": 1716449695.567773, "value_loss": 0.0006595596166638037, "policy_loss": -5.209859730683775e-05, "dist_entropy": 0.08202109485864639, "actor_grad_norm": 0.496306836605072, "critic_grad_norm": 0.013411343097686768, "ratio": 0.9999864101409912, "dead_ratio": 0.02640264026402639, "reward_predicting_loss": 429.5985412597656, "shaping_weight": 1.6860386382974138e-28, "average_step_rewards": 1.0, "eval_average_episode_rewards": 20.0, "eval_win_rate": 1.0, "_runtime": 49607.07405209541, "_step": 1999100, "_wandb": {"runtime": 49615}}