{"incre_win_rate": 0.12244897959183673, "_timestamp": 1716359584.5048358, "value_loss": 0.10091579109430313, "policy_loss": -0.03590066760905139, "dist_entropy": 0.784345543384552, "actor_grad_norm": 0.5285276174545288, "critic_grad_norm": 0.45875227451324463, "ratio": 0.9970465302467346, "dead_ratio": 0.17821782178217827, "average_step_rewards": 0.27724382281303406, "eval_average_episode_rewards": 20.0, "eval_win_rate": 1.0, "_runtime": 87.10122776031494, "_step": 6100}