{"incre_win_rate": 0.125, "_timestamp": 1717157866.3433728, "value_loss": 0.02181133801738421, "policy_loss": -0.028011580487935166, "dist_entropy": 0.39353205760320026, "actor_grad_norm": 0.3570663332939148, "critic_grad_norm": 0.3145451247692108, "ratio": 1.0153027772903442, "dead_ratio": 0.16501650165016502, "average_step_rewards": 0.23287668824195862, "eval_average_episode_rewards": 7.671232876712327, "eval_win_rate": 0.0, "_runtime": 414.57771492004395, "_step": 33100}