{"incre_win_rate": 1.0, "_timestamp": 1716373756.8718724, "value_loss": 0.00035704337642528117, "policy_loss": -8.65823137865244e-05, "dist_entropy": 0.16130689680576324, "actor_grad_norm": 0.5787294507026672, "critic_grad_norm": 0.009939832612872124, "ratio": 1.0000149011611938, "dead_ratio": 0.01650165016501648, "average_step_rewards": 0.9771738648414612, "eval_average_episode_rewards": 20.0, "eval_win_rate": 1.0, "_runtime": 14103.83984541893, "_step": 999100, "_wandb": {"runtime": 14119}}