{"incre_win_rate": 0.9183673469387755, "_timestamp": 1716293746.7792265, "value_loss": 0.04283451288938522, "policy_loss": -0.006677340255416138, "dist_entropy": 0.20626428127288818, "actor_grad_norm": 0.2573068141937256, "critic_grad_norm": 0.3382530212402344, "ratio": 0.997092068195343, "dead_ratio": 0.05610561056105612, "reward_predicting_loss": 405.67974853515625, "average_step_rewards": 1.1728157997131348, "eval_average_episode_rewards": 20.0, "eval_win_rate": 1.0, "_runtime": 23940.886014461517, "_step": 1556100}