{"incre_win_rate": 0.0, "_timestamp": 1716359576.090485, "value_loss": 0.2027228186527888, "policy_loss": -0.03410528504057512, "dist_entropy": 0.7676675319671631, "actor_grad_norm": 0.5405350923538208, "critic_grad_norm": 1.1093357801437378, "ratio": 0.991349458694458, "dead_ratio": 0.20462046204620465, "average_step_rewards": 0.11877945065498352, "eval_average_episode_rewards": 3.9452054794520546, "eval_win_rate": 0.0, "_runtime": 78.62897419929504, "_step": 5100}