{"average_shape_value": 0.1625084766097261, "_timestamp": 1716642555.0254383, "incre_win_rate": 0.0, "value_loss": 0.009940754373868306, "policy_loss": -0.0386278225259949, "dist_entropy": 1.4913572390874228, "actor_grad_norm": 0.5370696187019348, "critic_grad_norm": 0.12404768913984299, "ratio": 0.9993529915809631, "dead_ratio": 0.26732673267326734, "average_step_rewards": -0.19088691473007202, "eval_average_episode_rewards": 4.602739726027396, "eval_win_rate": 0.0, "_runtime": 48.51825737953186, "_step": 2700}