{"average_shape_value": 2.4164383561643836, "_timestamp": 1716644544.621616, "incre_win_rate": 0.0, "value_loss": 0.004985986277461052, "policy_loss": -0.04351501271123652, "dist_entropy": 0.8270654559135437, "actor_grad_norm": 0.4840104281902313, "critic_grad_norm": 0.308559775352478, "ratio": 1.0102474689483643, "dead_ratio": 0.16501650165016502, "average_step_rewards": -0.8164383172988892, "eval_average_episode_rewards": 2.6301369863013697, "eval_win_rate": 0.0, "_runtime": 305.15057277679443, "_step": 22700}