{"incre_win_rate": 1.0, "_timestamp": 1717054463.4165604, "value_loss": 0.0006805740490866204, "policy_loss": -0.0162893484216184, "dist_entropy": 0.3326755185921987, "actor_grad_norm": 0.39851370453834534, "critic_grad_norm": 0.02043774351477623, "ratio": 0.9922738075256348, "dead_ratio": 0.0, "average_step_rewards": 0.6376000046730042, "eval_average_episode_rewards": 20.0, "eval_win_rate": 1.0, "_runtime": 18118.23083138466, "_step": 1505100}