{"incre_win_rate": 1.0, "_timestamp": 1717092717.9153678, "value_loss": 0.007408755241582791, "policy_loss": 3.754959265004724e-08, "dist_entropy": 0.009568115758399168, "actor_grad_norm": 0.008484183810651302, "critic_grad_norm": 0.06540196388959885, "ratio": 1.0, "dead_ratio": 0.0066006600660065695, "average_step_rewards": -0.28054794669151306, "eval_average_episode_rewards": 20.0, "eval_win_rate": 1.0, "_runtime": 37451.313012838364, "_step": 1999100, "_wandb": {"runtime": 37470}}