{"incre_win_rate": 1.0, "_timestamp": 1717054453.2799942, "value_loss": 0.00029673677248259387, "policy_loss": -0.013473272317357872, "dist_entropy": 0.2910791118939718, "actor_grad_norm": 0.3718099594116211, "critic_grad_norm": 0.007716896012425423, "ratio": 0.9865965247154236, "dead_ratio": 0.0066006600660065695, "average_step_rewards": 0.7200000286102295, "eval_average_episode_rewards": 20.0, "eval_win_rate": 1.0, "_runtime": 18108.10028028488, "_step": 1503100}