{"average_shape_value": 2.3054794520547945, "_timestamp": 1716644182.686145, "incre_win_rate": 0.0, "value_loss": 0.032922420526544253, "policy_loss": -0.06197514180470307, "dist_entropy": 0.8807542324066162, "actor_grad_norm": 0.5552663803100586, "critic_grad_norm": 0.6946790814399719, "ratio": 1.009850263595581, "dead_ratio": 0.3366336633663366, "average_step_rewards": -1.5786302089691162, "eval_average_episode_rewards": 2.3013698630136985, "eval_win_rate": 0.0, "_runtime": 589.1607980728149, "_step": 44600}