{"incre_win_rate": 0.0, "_timestamp": 1716972122.5340638, "value_loss": 0.0005974449799396097, "policy_loss": -0.02585179586194499, "dist_entropy": 0.6392909606297811, "actor_grad_norm": 0.2884288430213928, "critic_grad_norm": 0.05340257287025452, "ratio": 1.0002655982971191, "dead_ratio": 0.40594059405940597, "average_step_rewards": 0.007499999832361937, "eval_average_episode_rewards": 0.5625, "eval_win_rate": 0.0, "_runtime": 468.3452458381653, "_step": 19100}