{"incre_win_rate": 0.8604651162790697, "_timestamp": 1716293742.911032, "value_loss": 0.02369096241891384, "policy_loss": -0.016974723858206885, "dist_entropy": 0.2347474714120229, "actor_grad_norm": 0.4400672912597656, "critic_grad_norm": 0.24206848442554474, "ratio": 0.9968709945678711, "dead_ratio": 0.03960396039603964, "reward_predicting_loss": 365.39892578125, "average_step_rewards": 0.9560957551002502, "eval_average_episode_rewards": 8.328767123287669, "eval_win_rate": 0.0, "_runtime": 23936.949495077133, "_step": 1545100}