{"incre_win_rate": 1.0, "_timestamp": 1717139332.468066, "value_loss": 0.05279943247636159, "policy_loss": -7.342577196635484e-05, "dist_entropy": 0.0565318634112676, "actor_grad_norm": 0.6533563733100891, "critic_grad_norm": 0.3010362684726715, "ratio": 1.0000196695327759, "dead_ratio": 0.0363036303630363, "average_step_rewards": -0.35232874751091003, "eval_average_episode_rewards": 6.958904109589039, "eval_win_rate": 0.0, "_runtime": 46518.7656018734, "_step": 1999100, "_wandb": {"runtime": 46529}}