{"incre_win_rate": 1.0, "_timestamp": 1716354856.5693016, "value_loss": 0.00034271909777695934, "policy_loss": -3.35613356313047e-05, "dist_entropy": 0.13815505405267078, "actor_grad_norm": 0.44719579815864563, "critic_grad_norm": 0.020790234208106995, "ratio": 0.9999885559082031, "dead_ratio": 0.0066006600660065695, "reward_predicting_loss": 613.197265625, "shaping_weight": 1.6860386382974138e-28, "average_step_rewards": 1.1200000047683716, "eval_average_episode_rewards": 20.0, "eval_win_rate": 1.0, "_runtime": 59408.64591169357, "_step": 1999100, "_wandb": {"runtime": 59428}}