{"average_shape_value": 0.10684931506849313, "_timestamp": 1716642581.1491568, "incre_win_rate": 0.0, "value_loss": 0.6111297925313314, "policy_loss": -0.03392900276348136, "dist_entropy": 1.721325659751892, "actor_grad_norm": 0.4514274299144745, "critic_grad_norm": 3.363389730453491, "ratio": 1.001520037651062, "dead_ratio": 0.2706270627062707, "average_step_rewards": 0.059178080409765244, "eval_average_episode_rewards": 2.958904109589041, "eval_win_rate": 0.0, "_runtime": 16.10519289970398, "_step": 100}