{"incre_win_rate": 0.0, "_timestamp": 1716991790.7209089, "value_loss": 0.01636348304649194, "policy_loss": -0.03289399109245546, "dist_entropy": 0.4352832794189453, "actor_grad_norm": 0.3749937117099762, "critic_grad_norm": 0.1627008318901062, "ratio": 1.0019830465316772, "dead_ratio": 0.23102310231023104, "average_step_rewards": -0.7852054834365845, "eval_average_episode_rewards": 4.602739726027396, "eval_win_rate": 0.0, "_runtime": 803.3164858818054, "_step": 30500, "cluster_avg_value": 0.619178056716919}