{"incre_win_rate": 0.9814814814814815, "_timestamp": 1717092753.222718, "value_loss": 0.01418961100280285, "policy_loss": -7.893059014207892e-06, "dist_entropy": 0.06792675852775573, "actor_grad_norm": 0.15039581060409546, "critic_grad_norm": 0.18070746958255768, "ratio": 0.9999955296516418, "dead_ratio": 0.0, "average_step_rewards": -0.19945204257965088, "eval_average_episode_rewards": 20.0, "eval_win_rate": 1.0, "_runtime": 37486.72381091118, "_step": 1999100, "_wandb": {"runtime": 37501}}