{"incre_win_rate": 0.55, "_timestamp": 1716399784.6521285, "value_loss": 0.15507343113422395, "policy_loss": -0.04007369644087125, "dist_entropy": 0.44686901370684307, "actor_grad_norm": 0.3480091691017151, "critic_grad_norm": 0.4975171983242035, "ratio": 1.0005264282226562, "dead_ratio": 0.16501650165016502, "average_step_rewards": 0.44362330436706543, "eval_average_episode_rewards": 7.999999999999997, "eval_win_rate": 0.0, "_runtime": 1622.3719675540924, "_step": 92100}