{"incre_win_rate": 1.0, "_timestamp": 1716383412.7540345, "value_loss": 0.00012772903913476814, "policy_loss": -0.00011365837523070373, "dist_entropy": 0.04309277360637983, "actor_grad_norm": 0.6204179525375366, "critic_grad_norm": 0.017858965322375298, "ratio": 0.9999511241912842, "dead_ratio": 0.0, "average_step_rewards": 0.9994521141052246, "eval_average_episode_rewards": 20.0, "eval_win_rate": 1.0, "_runtime": 13558.168622493744, "_step": 999100, "_wandb": {"runtime": 13568}}