{"incre_win_rate": 0.18414322250639387, "_timestamp": 1716245261.2817223, "value_loss": 0.3983627796173096, "policy_loss": -0.015014646140525093, "dist_entropy": 0.2919474522272746, "actor_grad_norm": 0.237789586186409, "critic_grad_norm": 1.347497582435608, "ratio": 0.992449164390564, "dead_ratio": 0.2739273927392739, "average_step_rewards": 0.41315069794654846, "eval_average_episode_rewards": 17.402739726027395, "eval_win_rate": 0.8, "_runtime": 252.18365621566772, "_step": 20100}