{"incre_win_rate": 0.9210526315789473, "_timestamp": 1716383649.6530204, "value_loss": 0.3500102380911509, "policy_loss": -0.00029361913692778075, "dist_entropy": 0.29301009376843773, "actor_grad_norm": 1.1508194208145142, "critic_grad_norm": 1.0174469947814941, "ratio": 0.9999534487724304, "dead_ratio": 0.24752475247524752, "average_step_rewards": 0.4367122948169708, "eval_average_episode_rewards": 20.0, "eval_win_rate": 1.0, "_runtime": 13795.032239437103, "_step": 999100, "_wandb": {"runtime": 13804}}