{"incre_win_rate": 0.0, "_timestamp": 1716295406.3257203, "value_loss": 0.32250773509343467, "policy_loss": -0.02264741223732519, "dist_entropy": 1.5428712685902914, "actor_grad_norm": 0.31807297468185425, "critic_grad_norm": 1.9959925413131714, "ratio": 0.9992814660072327, "dead_ratio": 0.26732673267326734, "reward_predicting_loss": 39.364471435546875, "shaping_weight": 0.00407013762742281, "average_step_rewards": 0.11338505893945694, "eval_average_episode_rewards": 1.9726027397260273, "eval_win_rate": 0.0, "_runtime": 47.36235332489014, "_step": 1100}