{"average_shape_value": 9.756164383561643, "_timestamp": 1716645220.6202943, "incre_win_rate": 0.21052631578947367, "value_loss": 0.37431362867355344, "policy_loss": -0.04498851811762563, "dist_entropy": 0.5577720204989115, "actor_grad_norm": 0.4307648837566376, "critic_grad_norm": 1.6541590690612793, "ratio": 0.9919386506080627, "dead_ratio": 0.07920792079207917, "average_step_rewards": 0.5260274410247803, "eval_average_episode_rewards": 4.273972602739725, "eval_win_rate": 0.0, "_runtime": 642.0632293224335, "_step": 50000}