{"incre_win_rate": 0.55, "_timestamp": 1716456874.6812813, "value_loss": 0.08569112022717794, "policy_loss": -0.02519104319591795, "dist_entropy": 0.29652673403422036, "actor_grad_norm": 0.2665734589099884, "critic_grad_norm": 0.38873934745788574, "ratio": 0.9917159080505371, "dead_ratio": 0.17821782178217827, "reward_predicting_loss": 40.37835693359375, "shaping_weight": 1.0, "average_step_rewards": 0.8295003175735474, "eval_average_episode_rewards": 5.315068493150683, "eval_win_rate": 0.0, "_runtime": 5088.232985258102, "_step": 325100}