{"incre_win_rate": 0.6818181818181818, "_timestamp": 1717219195.6734703, "value_loss": 0.17080058256785074, "policy_loss": -0.02249327811834571, "dist_entropy": 0.4054841379324595, "actor_grad_norm": 0.23676612973213196, "critic_grad_norm": 0.40095868706703186, "ratio": 1.0109528303146362, "dead_ratio": 0.1089108910891089, "average_step_rewards": -0.37972599267959595, "eval_average_episode_rewards": 20.0, "eval_win_rate": 1.0, "_runtime": 2505.4123203754425, "_step": 204100}