{"incre_win_rate": 1.0, "_timestamp": 1717138474.347907, "value_loss": 0.00016085383055421213, "policy_loss": -2.410856857461378e-05, "dist_entropy": 0.04163419057925542, "actor_grad_norm": 0.3155358135700226, "critic_grad_norm": 0.00924785528331995, "ratio": 1.0000215768814087, "dead_ratio": 0.0, "average_step_rewards": 1.136438250541687, "eval_average_episode_rewards": 20.0, "eval_win_rate": 1.0, "_runtime": 45276.306269168854, "_step": 1999100, "_wandb": {"runtime": 45293}}