{"incre_win_rate": 1.0, "_timestamp": 1717092047.7234218, "value_loss": 0.027960541596015295, "policy_loss": -0.0002153937636099575, "dist_entropy": 0.0628234401345253, "actor_grad_norm": 1.3508093357086182, "critic_grad_norm": 0.09811169654130936, "ratio": 1.000051498413086, "dead_ratio": 0.00990099009900991, "average_step_rewards": -0.2087671309709549, "eval_average_episode_rewards": 20.0, "eval_win_rate": 1.0, "_runtime": 36781.175872802734, "_step": 1999100, "_wandb": {"runtime": 36801}}