{"incre_win_rate": 0.27539503386004516, "_timestamp": 1716245264.954664, "value_loss": 0.29290354053179424, "policy_loss": -0.04261359551690162, "dist_entropy": 0.6086726347605388, "actor_grad_norm": 0.42010021209716797, "critic_grad_norm": 1.0470025539398193, "ratio": 0.9757938981056213, "dead_ratio": 0.16171617161716167, "average_step_rewards": 0.4158904254436493, "eval_average_episode_rewards": 8.931506849315069, "eval_win_rate": 0.2, "_runtime": 255.8590738773346, "_step": 20100}