{"average_shape_value": 0.7041095890410959, "_timestamp": 1716660680.9801962, "incre_win_rate": 0.0, "value_loss": 0.01683853312085072, "policy_loss": -0.03756130096610768, "dist_entropy": 0.7314035415649414, "actor_grad_norm": 0.47664034366607666, "critic_grad_norm": 0.5169639587402344, "ratio": 0.9982447028160095, "dead_ratio": 0.2541254125412541, "average_step_rewards": -0.7479451298713684, "eval_average_episode_rewards": 4.602739726027396, "eval_win_rate": 0.0, "_runtime": 212.91492629051208, "_step": 15900}