{"incre_win_rate": 0.0, "_timestamp": 1716295406.298671, "value_loss": 0.061615323275327684, "policy_loss": -0.03975308534148851, "dist_entropy": 1.5081276575724283, "actor_grad_norm": 0.5022304654121399, "critic_grad_norm": 0.7691987752914429, "ratio": 0.9958590269088745, "dead_ratio": 0.27722772277227725, "reward_predicting_loss": 8.075272560119629, "shaping_weight": 0.00407013762742281, "average_step_rewards": 0.1125105768442154, "eval_average_episode_rewards": 1.9726027397260273, "eval_win_rate": 0.0, "_runtime": 46.99644708633423, "_step": 1100}