{"average_shape_value": 1.9643835616438357, "_timestamp": 1716660364.4984756, "incre_win_rate": 0.0, "value_loss": 0.010757567050556341, "policy_loss": -0.026524473459574694, "dist_entropy": 0.34501758416493733, "actor_grad_norm": 0.33236634731292725, "critic_grad_norm": 0.06052931025624275, "ratio": 0.9918650388717651, "dead_ratio": 0.14851485148514854, "average_step_rewards": -1.0991780757904053, "eval_average_episode_rewards": 4.273972602739725, "eval_win_rate": 0.0, "_runtime": 1056.3211965560913, "_step": 78600}