{"average_shape_value": 1.4493150685141416, "_timestamp": 1716642915.0259593, "incre_win_rate": 0.0, "value_loss": 0.24159941772619883, "policy_loss": -0.041017218208626596, "dist_entropy": 0.7947724143664042, "actor_grad_norm": 0.45895880460739136, "critic_grad_norm": 0.34016919136047363, "ratio": 0.9930287003517151, "dead_ratio": 0.12541254125412538, "average_step_rewards": -2.1298630237579346, "eval_average_episode_rewards": 4.328767123287671, "eval_win_rate": 0.0, "_runtime": 325.59355330467224, "_step": 23900}