{"incre_win_rate": 0.0, "_timestamp": 1716545134.1434202, "value_loss": 0.002865531047185262, "policy_loss": -0.025835312027701937, "dist_entropy": 0.3070385734240214, "actor_grad_norm": 0.28495681285858154, "critic_grad_norm": 0.17727109789848328, "ratio": 0.9970232248306274, "dead_ratio": 0.2376237623762376, "average_step_rewards": -0.8005488514900208, "eval_average_episode_rewards": 4.602739726027396, "eval_win_rate": 0.0, "_runtime": 263.48737621307373, "_step": 20100}