{"incre_win_rate": 0.9636363636363636, "_timestamp": 1717092705.0811489, "value_loss": 0.49275782108306887, "policy_loss": -5.533747743887336e-07, "dist_entropy": 0.02302446998655796, "actor_grad_norm": 0.11291761696338654, "critic_grad_norm": 0.7707250118255615, "ratio": 1.0, "dead_ratio": 0.04290429042904287, "average_step_rewards": -0.34575340151786804, "eval_average_episode_rewards": 20.0, "eval_win_rate": 1.0, "_runtime": 37438.58707475662, "_step": 1999100, "_wandb": {"runtime": 37458}}