{"average_shape_value": 1.2356164383561645, "_timestamp": 1716644544.4597752, "incre_win_rate": 0.0, "value_loss": 0.6092326800028484, "policy_loss": -0.03569551861654432, "dist_entropy": 0.774206014474233, "actor_grad_norm": 0.4034079909324646, "critic_grad_norm": 1.4620922803878784, "ratio": 0.9951056241989136, "dead_ratio": 0.23432343234323427, "average_step_rewards": -1.2487671375274658, "eval_average_episode_rewards": 4.273972602739725, "eval_win_rate": 0.0, "_runtime": 304.99262619018555, "_step": 22300}