{"average_shape_value": 1.1578339041095886, "_timestamp": 1716643314.4223518, "incre_win_rate": 0.018867924528301886, "value_loss": 0.3939694801966349, "policy_loss": -0.02436235112345031, "dist_entropy": 0.4206593632698059, "actor_grad_norm": 0.25290560722351074, "critic_grad_norm": 1.198089361190796, "ratio": 1.003950595855713, "dead_ratio": 0.19801980198019797, "average_step_rewards": -0.578972578048706, "eval_average_episode_rewards": 6.301369863013697, "eval_win_rate": 0.0, "_runtime": 309.7513167858124, "_step": 23200}