{"average_shape_value": 0.03287671232876712, "_timestamp": 1716642581.2610404, "incre_win_rate": 0.0, "value_loss": 1.26729416847229, "policy_loss": -0.03689214931186721, "dist_entropy": 1.6545924345652263, "actor_grad_norm": 0.5128239393234253, "critic_grad_norm": 3.0143041610717773, "ratio": 1.0026904344558716, "dead_ratio": 0.3795379537953796, "average_step_rewards": 0.013150684535503387, "eval_average_episode_rewards": 0.0, "eval_win_rate": 0.0, "_runtime": 16.146859407424927, "_step": 100}