{"incre_win_rate": 0.7560975609756098, "_timestamp": 1716456867.872933, "value_loss": 0.1458725442488988, "policy_loss": -0.03713955322437975, "dist_entropy": 0.40639304717381797, "actor_grad_norm": 0.40114185214042664, "critic_grad_norm": 0.5423339605331421, "ratio": 1.0176397562026978, "dead_ratio": 0.3003300330033003, "reward_predicting_loss": 41.49340057373047, "shaping_weight": 1.0, "average_step_rewards": 0.18107245862483978, "eval_average_episode_rewards": 20.0, "eval_win_rate": 1.0, "_runtime": 5081.359535932541, "_step": 317100}