{"incre_win_rate": 0.0, "_timestamp": 1716642473.7297008, "value_loss": 0.022945555672049523, "policy_loss": -0.04323796025304881, "dist_entropy": 0.5005317548910777, "actor_grad_norm": 0.3745677173137665, "critic_grad_norm": 0.30035990476608276, "ratio": 1.0154032707214355, "dead_ratio": 0.24752475247524752, "average_step_rewards": -0.8164383172988892, "eval_average_episode_rewards": 2.958904109589041, "eval_win_rate": 0.0, "_runtime": 1969.7384548187256, "_step": 154800, "average_shape_value": 1.7753424657534247}