{"incre_win_rate": 0.9814814814814815, "_timestamp": 1717182107.2901437, "value_loss": 0.0020051774103194476, "policy_loss": -4.0472348710333485e-06, "dist_entropy": 0.025624685237805048, "actor_grad_norm": 0.1312956064939499, "critic_grad_norm": 0.006732753477990627, "ratio": 1.000001072883606, "dead_ratio": 0.0, "average_step_rewards": -1.3528765439987183, "eval_average_episode_rewards": 20.0, "eval_win_rate": 1.0, "_runtime": 24192.9849858284, "_step": 1999100, "_wandb": {"runtime": 24202}}