{"incre_win_rate": 0.9803921568627451, "_timestamp": 1716373287.8539476, "value_loss": 0.009578677577277024, "policy_loss": -8.503507091076243e-05, "dist_entropy": 0.23803045451641083, "actor_grad_norm": 0.5848938226699829, "critic_grad_norm": 0.09142165631055832, "ratio": 1.000015139579773, "dead_ratio": 0.07590759075907594, "average_step_rewards": 0.9790136814117432, "eval_average_episode_rewards": 5.9726027397260255, "eval_win_rate": 0.0, "_runtime": 13634.783438682556, "_step": 999100, "_wandb": {"runtime": 13652}}