{"average_shape_value": 1.5095890410958905, "_timestamp": 1716644182.4464185, "incre_win_rate": 0.0, "value_loss": 0.3887834290663401, "policy_loss": -0.054989621410767124, "dist_entropy": 0.7313913941383362, "actor_grad_norm": 0.5120067000389099, "critic_grad_norm": 1.8275375366210938, "ratio": 1.0199874639511108, "dead_ratio": 0.15841584158415845, "average_step_rewards": -1.5430136919021606, "eval_average_episode_rewards": 1.9726027397260273, "eval_win_rate": 0.0, "_runtime": 588.918895483017, "_step": 44600}