{"incre_win_rate": 0.88, "_timestamp": 1717157433.06628, "value_loss": 0.005773625709116459, "policy_loss": -0.030594286120264394, "dist_entropy": 0.2755178451538086, "actor_grad_norm": 0.2256847769021988, "critic_grad_norm": 0.08308887481689453, "ratio": 0.968299925327301, "dead_ratio": 0.04620462046204621, "average_step_rewards": -0.25643834471702576, "eval_average_episode_rewards": 20.0, "eval_win_rate": 1.0, "_runtime": 1967.0719439983368, "_step": 150100}