{"incre_win_rate": 1.0, "_timestamp": 1716449284.1846538, "value_loss": 9.007063927128911e-05, "policy_loss": -1.2813197408334531e-05, "dist_entropy": 0.025776024907827377, "actor_grad_norm": 0.2005683183670044, "critic_grad_norm": 0.0038176062516868114, "ratio": 0.9999966621398926, "dead_ratio": 0.0, "reward_predicting_loss": 638.6150512695312, "shaping_weight": 1.6860386382974138e-28, "average_step_rewards": 1.1632875204086304, "eval_average_episode_rewards": 20.0, "eval_win_rate": 1.0, "_runtime": 49195.606727838516, "_step": 1999100, "_wandb": {"runtime": 49208}}