{"average_shape_value": 1.1643835526214752, "_timestamp": 1716642914.5379176, "incre_win_rate": 0.018867924528301886, "value_loss": 4.900819460550944, "policy_loss": -0.030163412061171464, "dist_entropy": 0.8501628796259563, "actor_grad_norm": 0.39097627997398376, "critic_grad_norm": 3.245994806289673, "ratio": 1.0080320835113525, "dead_ratio": 0.17821782178217827, "average_step_rewards": -0.5931501984596252, "eval_average_episode_rewards": 4.0, "eval_win_rate": 0.0, "_runtime": 324.9981687068939, "_step": 23800}