{"incre_win_rate": 0.0, "_timestamp": 1716642475.1734262, "value_loss": 0.028717833881576855, "policy_loss": -0.058403594867877474, "dist_entropy": 0.5735143462816874, "actor_grad_norm": 0.5071592330932617, "critic_grad_norm": 0.5153577327728271, "ratio": 0.9990242719650269, "dead_ratio": 0.10561056105610556, "average_step_rewards": -1.8810962438583374, "eval_average_episode_rewards": 2.958904109589041, "eval_win_rate": 0.0, "_runtime": 1970.882951259613, "_step": 157200, "average_shape_value": 2.5657534246575344}