{"incre_win_rate": 0.9565217391304348, "_timestamp": 1716293737.8061244, "value_loss": 0.015515157456199328, "policy_loss": -0.007363711561386784, "dist_entropy": 0.1202593003710111, "actor_grad_norm": 0.2640766501426697, "critic_grad_norm": 0.10646940767765045, "ratio": 1.0006709098815918, "dead_ratio": 0.0363036303630363, "reward_predicting_loss": 403.06182861328125, "average_step_rewards": 1.0299291610717773, "eval_average_episode_rewards": 20.0, "eval_win_rate": 1.0, "_runtime": 23931.708220481873, "_step": 1564100}