{"incre_win_rate": 1.0, "_timestamp": 1717182257.6240563, "value_loss": 0.025340014199415842, "policy_loss": -1.0111507871120769e-05, "dist_entropy": 0.03294622078537941, "actor_grad_norm": 0.19977931678295135, "critic_grad_norm": 0.19678694009780884, "ratio": 1.0000042915344238, "dead_ratio": 0.0066006600660065695, "average_step_rewards": -0.20821917057037354, "eval_average_episode_rewards": 7.287671232876709, "eval_win_rate": 0.0, "_runtime": 24343.230464458466, "_step": 1999100, "_wandb": {"runtime": 24352}}