{"incre_win_rate": 1.0, "_timestamp": 1716373317.0329428, "value_loss": 0.001298777386546135, "policy_loss": -0.00015086779961112444, "dist_entropy": 0.20280539393424987, "actor_grad_norm": 1.1057261228561401, "critic_grad_norm": 0.04689914360642433, "ratio": 1.0000174045562744, "dead_ratio": 0.00990099009900991, "average_step_rewards": 1.0066628456115723, "eval_average_episode_rewards": 20.0, "eval_win_rate": 1.0, "_runtime": 13664.014041662216, "_step": 999100, "_wandb": {"runtime": 13677}}