{"incre_win_rate": 0.0, "_timestamp": 1716295212.5136647, "value_loss": 0.01066544024894635, "policy_loss": -0.013706874795609636, "dist_entropy": 0.21834583183129627, "actor_grad_norm": 0.31839582324028015, "critic_grad_norm": 0.15732139348983765, "ratio": 1.0237812995910645, "dead_ratio": 0.44884488448844884, "reward_predicting_loss": 19.80589485168457, "shaping_weight": 1.0, "average_step_rewards": 0.42985376715660095, "eval_average_episode_rewards": 2.958904109589041, "eval_win_rate": 0.0, "_runtime": 1115.9694137573242, "_step": 71100}