{"incre_win_rate": 0.9565217391304348, "_timestamp": 1717054486.8543396, "value_loss": 0.24659662445386252, "policy_loss": -0.018664848481363093, "dist_entropy": 0.3035042723019918, "actor_grad_norm": 0.4838410019874573, "critic_grad_norm": 0.40415066480636597, "ratio": 1.005266547203064, "dead_ratio": 0.05610561056105612, "average_step_rewards": 0.6207999587059021, "eval_average_episode_rewards": 20.0, "eval_win_rate": 1.0, "_runtime": 18141.653467655182, "_step": 1508100}