{"incre_win_rate": 1.0, "_timestamp": 1716354854.6814547, "value_loss": 0.0044302618751923244, "policy_loss": -4.30466996737285e-05, "dist_entropy": 0.1294325590133667, "actor_grad_norm": 0.7866517305374146, "critic_grad_norm": 0.05005574971437454, "ratio": 0.9999815225601196, "dead_ratio": 0.05940594059405946, "reward_predicting_loss": 449.5955810546875, "shaping_weight": 0.0, "average_step_rewards": 0.996712327003479, "eval_average_episode_rewards": 20.0, "eval_win_rate": 1.0, "_runtime": 59671.75649356842, "_step": 1999100, "_wandb": {"runtime": 59691}}