{"incre_win_rate": 0.9183673469387755, "_timestamp": 1717091783.823126, "value_loss": 0.17044572631518046, "policy_loss": -0.014272959954925332, "dist_entropy": 0.21985969245433806, "actor_grad_norm": 0.24033434689044952, "critic_grad_norm": 0.5822601914405823, "ratio": 1.0096269845962524, "dead_ratio": 0.11551155115511547, "average_step_rewards": -0.5610958933830261, "eval_average_episode_rewards": 20.0, "eval_win_rate": 1.0, "_runtime": 26610.285096168518, "_step": 1162100}