{"incre_win_rate": 0.9375, "_timestamp": 1717225111.9189117, "value_loss": 0.06668003052473068, "policy_loss": -0.01378963930711213, "dist_entropy": 0.27081262270609535, "actor_grad_norm": 0.18664875626564026, "critic_grad_norm": 0.07079663872718811, "ratio": 0.9894812107086182, "dead_ratio": 0.02310231023102305, "average_step_rewards": -0.9873972535133362, "eval_average_episode_rewards": 20.0, "eval_win_rate": 1.0, "_runtime": 5860.885464668274, "_step": 469100}