{"incre_win_rate": 0.0625, "_timestamp": 1716992782.1662402, "value_loss": 0.026375967388351757, "policy_loss": -0.04092600929240386, "dist_entropy": 0.3767236888408661, "actor_grad_norm": 0.38365018367767334, "critic_grad_norm": 0.17364513874053955, "ratio": 1.018439531326294, "dead_ratio": 0.2858910891089109, "average_step_rewards": 0.3553124964237213, "eval_average_episode_rewards": 11.40625, "eval_win_rate": 0.0, "_runtime": 20519.398609161377, "_step": 868100}