{"average_shape_value": 9.454794520547946, "_timestamp": 1716657987.2849224, "incre_win_rate": 0.9782608695652174, "value_loss": 0.009110215616722902, "policy_loss": -0.007583492688080658, "dist_entropy": 0.29798341592152916, "actor_grad_norm": 0.18288612365722656, "critic_grad_norm": 0.10923517495393753, "ratio": 0.9935570359230042, "dead_ratio": 0.06600660066006603, "average_step_rewards": 0.9901370406150818, "eval_average_episode_rewards": 20.0, "eval_win_rate": 1.0, "_runtime": 12714.858964443207, "_step": 1021000}