{"average_shape_value": 2.545205479452055, "_timestamp": 1716643314.9652646, "incre_win_rate": 0.0, "value_loss": 0.02038170558710893, "policy_loss": -0.04653303243315783, "dist_entropy": 0.8849788427352905, "actor_grad_norm": 0.5872378349304199, "critic_grad_norm": 0.25039976835250854, "ratio": 0.9894443154335022, "dead_ratio": 0.22442244224422447, "average_step_rewards": -3.1953423023223877, "eval_average_episode_rewards": 1.6438356164383563, "eval_win_rate": 0.0, "_runtime": 310.30304646492004, "_step": 23200}