{"incre_win_rate": 1.0, "_timestamp": 1716445397.8557022, "value_loss": 0.00027300749400941033, "policy_loss": -2.5394439748064695e-05, "dist_entropy": 0.0990851824482282, "actor_grad_norm": 0.42748770117759705, "critic_grad_norm": 0.01642124354839325, "ratio": 0.9999791383743286, "dead_ratio": 0.0, "average_step_rewards": 0.9793136715888977, "eval_average_episode_rewards": 20.0, "eval_win_rate": 1.0, "_runtime": 45252.24869418144, "_step": 1999100, "_wandb": {"runtime": 45266}}