{"average_shape_value": 0.5150684931506849, "_timestamp": 1716660679.907404, "incre_win_rate": 0.0, "value_loss": 0.0565818227827549, "policy_loss": -0.03163495687767863, "dist_entropy": 0.5997254769007365, "actor_grad_norm": 0.40565603971481323, "critic_grad_norm": 0.45812779664993286, "ratio": 0.9823110103607178, "dead_ratio": 0.23102310231023104, "average_step_rewards": -0.7594520449638367, "eval_average_episode_rewards": 3.2876712328767126, "eval_win_rate": 0.0, "_runtime": 211.83989000320435, "_step": 15800}