{"incre_win_rate": 0.0, "_timestamp": 1716359418.2699873, "value_loss": 1.1483347256978353, "policy_loss": -0.031192671678422455, "dist_entropy": 1.656404177347819, "actor_grad_norm": 0.4620969593524933, "critic_grad_norm": 2.211028575897217, "ratio": 1.0028659105300903, "dead_ratio": 0.3795379537953796, "average_step_rewards": -0.009999998845160007, "eval_average_episode_rewards": 0.0, "eval_win_rate": 0.0, "_runtime": 14.96523642539978, "_step": 100}