{"incre_win_rate": 0.0, "_timestamp": 1716295404.867581, "value_loss": 0.5090991437435151, "policy_loss": -0.030656769459618736, "dist_entropy": 1.5060190200805663, "actor_grad_norm": 0.40814685821533203, "critic_grad_norm": 2.26088809967041, "ratio": 0.9973095655441284, "dead_ratio": 0.2607260726072608, "reward_predicting_loss": 11.70949649810791, "shaping_weight": 0.00407013762742281, "average_step_rewards": 0.13606393337249756, "eval_average_episode_rewards": 6.684931506849314, "eval_win_rate": 0.0, "_runtime": 45.84723496437073, "_step": 1100}