{"incre_win_rate": 0.0, "_timestamp": 1717019400.469365, "value_loss": 0.02700288879374663, "policy_loss": -8.005301163767815e-06, "dist_entropy": 0.09505579819281897, "actor_grad_norm": 0.2766268849372864, "critic_grad_norm": 0.2777772843837738, "ratio": 0.9999925494194031, "dead_ratio": 0.04950495049504955, "average_step_rewards": -5.749041557312012, "eval_average_episode_rewards": 2.958904109589041, "eval_win_rate": 0.0, "_runtime": 26489.099849939346, "_step": 2000000, "cluster_avg_value": 2.353424549102783, "_wandb": {"runtime": 26489}}