{"incre_win_rate": 0.1590909090909091, "_timestamp": 1716359577.217765, "value_loss": 0.6966514746348064, "policy_loss": -0.03239246594968499, "dist_entropy": 0.7634172439575195, "actor_grad_norm": 0.3592332601547241, "critic_grad_norm": 2.2210135459899902, "ratio": 0.9897518754005432, "dead_ratio": 0.25742574257425743, "average_step_rewards": 0.4120383560657501, "eval_average_episode_rewards": 20.0, "eval_win_rate": 1.0, "_runtime": 79.81450819969177, "_step": 5100}