{"average_shape_value": 1.6794520547945204, "_timestamp": 1716644182.5313218, "incre_win_rate": 0.0, "value_loss": 0.009291911590844392, "policy_loss": -0.049110691060965196, "dist_entropy": 0.5272598465283712, "actor_grad_norm": 0.4708821475505829, "critic_grad_norm": 0.4578402638435364, "ratio": 1.0258383750915527, "dead_ratio": 0.2178217821782178, "average_step_rewards": -0.9536986351013184, "eval_average_episode_rewards": 2.3013698630136985, "eval_win_rate": 0.0, "_runtime": 589.0312848091125, "_step": 45700}