{"incre_win_rate": 0.8913043478260869, "_timestamp": 1716456880.9065695, "value_loss": 0.008580834387491148, "policy_loss": -0.022957663462822766, "dist_entropy": 0.38992727398872373, "actor_grad_norm": 0.21544626355171204, "critic_grad_norm": 0.17590738832950592, "ratio": 0.974334180355072, "dead_ratio": 0.0363036303630363, "reward_predicting_loss": 80.9600830078125, "shaping_weight": 1.0, "average_step_rewards": 1.4186732769012451, "eval_average_episode_rewards": 20.0, "eval_win_rate": 1.0, "_runtime": 5094.534562587738, "_step": 325100}