{"incre_win_rate": 0.0, "_timestamp": 1716972129.240373, "value_loss": 0.08486734082301457, "policy_loss": -0.05223812251072862, "dist_entropy": 0.8903090675671895, "actor_grad_norm": 0.5739995241165161, "critic_grad_norm": 0.8879777789115906, "ratio": 1.0018233060836792, "dead_ratio": 0.4257425742574258, "average_step_rewards": 0.1665624976158142, "eval_average_episode_rewards": 6.65625, "eval_win_rate": 0.0, "_runtime": 475.00364089012146, "_step": 19100}