{"incre_win_rate": 0.9622641509433962, "_timestamp": 1717138553.2941148, "value_loss": 0.012943875789642335, "policy_loss": -9.093193721672795e-06, "dist_entropy": 0.0675548459092776, "actor_grad_norm": 0.15885518491268158, "critic_grad_norm": 0.12691831588745117, "ratio": 0.999993085861206, "dead_ratio": 0.00990099009900991, "average_step_rewards": -0.1863013654947281, "eval_average_episode_rewards": 20.0, "eval_win_rate": 1.0, "_runtime": 45739.66465473175, "_step": 1999100, "_wandb": {"runtime": 45749}}