{"incre_win_rate": 0.972972972972973, "_timestamp": 1717054471.2377377, "value_loss": 0.009323078549156587, "policy_loss": -0.01468740601101087, "dist_entropy": 0.26054091453552247, "actor_grad_norm": 0.35471048951148987, "critic_grad_norm": 0.19411145150661469, "ratio": 1.0025631189346313, "dead_ratio": 0.02640264026402639, "average_step_rewards": 0.5740000009536743, "eval_average_episode_rewards": 7.6712328767123275, "eval_win_rate": 0.0, "_runtime": 18126.048936605453, "_step": 1505100}