{"incre_win_rate": 0.0, "_timestamp": 1716359418.4303665, "value_loss": 0.46849171121915184, "policy_loss": -0.03417413783925672, "dist_entropy": 1.703672178586324, "actor_grad_norm": 0.4999699592590332, "critic_grad_norm": 2.1301848888397217, "ratio": 1.0013868808746338, "dead_ratio": 0.23102310231023104, "average_step_rewards": -0.009999998845160007, "eval_average_episode_rewards": 0.0, "eval_win_rate": 0.0, "_runtime": 15.034847497940063, "_step": 100}