{"incre_win_rate": 0.0, "_timestamp": 1716294056.3028123, "value_loss": 0.7244918704032898, "policy_loss": -0.03653826821632234, "dist_entropy": 1.5101150433222452, "actor_grad_norm": 0.4838375449180603, "critic_grad_norm": 3.536620616912842, "ratio": 1.0016342401504517, "dead_ratio": 0.3564356435643564, "reward_predicting_loss": 22.11566925048828, "shaping_weight": 0.0, "average_step_rewards": 0.09260274469852448, "eval_average_episode_rewards": 0.9863013698630136, "eval_win_rate": 0.0, "_runtime": 30.154069423675537, "_step": 1100}