{"incre_win_rate": 0.425531914893617, "_timestamp": 1717219187.05169, "value_loss": 0.39767426053682964, "policy_loss": -0.03270293283872352, "dist_entropy": 0.3735382974147797, "actor_grad_norm": 0.27542153000831604, "critic_grad_norm": 0.5401190519332886, "ratio": 1.0033982992172241, "dead_ratio": 0.12871287128712872, "average_step_rewards": -0.46027395129203796, "eval_average_episode_rewards": 20.0, "eval_win_rate": 1.0, "_runtime": 2496.7954530715942, "_step": 200100}