{"average_shape_value": 2.0589041096066496, "_timestamp": 1716642914.482176, "incre_win_rate": 0.0, "value_loss": 0.7650884389877319, "policy_loss": -0.045342253144655766, "dist_entropy": 0.9684367616971333, "actor_grad_norm": 0.5176432728767395, "critic_grad_norm": 0.9531167149543762, "ratio": 1.0069732666015625, "dead_ratio": 0.33993399339933994, "average_step_rewards": -1.2857533693313599, "eval_average_episode_rewards": 1.6438356164383563, "eval_win_rate": 0.0, "_runtime": 325.03284311294556, "_step": 24400}