{"incre_win_rate": 0.9803921568627451, "_timestamp": 1717225111.380573, "value_loss": 0.0062146655904750025, "policy_loss": -0.01980538717674456, "dist_entropy": 0.2527523418267568, "actor_grad_norm": 0.19731967151165009, "critic_grad_norm": 0.046017084270715714, "ratio": 0.9965280890464783, "dead_ratio": 0.03300330033003296, "average_step_rewards": -1.4613698720932007, "eval_average_episode_rewards": 20.0, "eval_win_rate": 1.0, "_runtime": 5860.1910309791565, "_step": 469100}