{"incre_win_rate": 0.96, "_timestamp": 1717091773.3366323, "value_loss": 0.025500499084591864, "policy_loss": -0.0065340642763147844, "dist_entropy": 0.2334410270055135, "actor_grad_norm": 0.20674893260002136, "critic_grad_norm": 0.1793430596590042, "ratio": 0.9995603561401367, "dead_ratio": 0.0066006600660065695, "average_step_rewards": -0.2104109674692154, "eval_average_episode_rewards": 20.0, "eval_win_rate": 1.0, "_runtime": 26599.820090293884, "_step": 1168100}