{"incre_win_rate": 0.0, "_timestamp": 1716523994.9926572, "value_loss": 0.024458416427175205, "policy_loss": -0.009957595437165642, "dist_entropy": 0.48145371476809184, "actor_grad_norm": 0.19741006195545197, "critic_grad_norm": 0.21301943063735962, "ratio": 0.996475338935852, "dead_ratio": 0.2277227722772277, "average_step_rewards": -3.491506814956665, "eval_average_episode_rewards": 3.9452054794520546, "eval_win_rate": 0.0, "_runtime": 233.28470420837402, "_step": 18100}