{"incre_win_rate": 0.9019607843137255, "_timestamp": 1716526031.9246268, "value_loss": 0.2502985656261444, "policy_loss": -0.029707843890556872, "dist_entropy": 0.3043721338113149, "actor_grad_norm": 0.2545657753944397, "critic_grad_norm": 0.8553321361541748, "ratio": 0.9917831420898438, "dead_ratio": 0.13201320132013206, "average_step_rewards": -1.1287671327590942, "eval_average_episode_rewards": 20.0, "eval_win_rate": 1.0, "_runtime": 2270.216673851013, "_step": 185100}