{"incre_win_rate": 0.6304347826086957, "_timestamp": 1716526301.5877852, "value_loss": 0.1303071066737175, "policy_loss": -0.0215113637213598, "dist_entropy": 0.30509660243988035, "actor_grad_norm": 0.2349945604801178, "critic_grad_norm": 0.5884799361228943, "ratio": 1.0208998918533325, "dead_ratio": 0.02970297029702973, "average_step_rewards": -0.6016438007354736, "eval_average_episode_rewards": 7.999999999999997, "eval_win_rate": 0.0, "_runtime": 2539.8798322677612, "_step": 207100}