{"incre_win_rate": 0.8461538461538461, "_timestamp": 1716540010.128772, "value_loss": 0.5868953029314677, "policy_loss": -0.00936775349401966, "dist_entropy": 0.15280192494392394, "actor_grad_norm": 0.2415822595357895, "critic_grad_norm": 0.5225937366485596, "ratio": 1.0072389841079712, "dead_ratio": 0.10231023102310233, "average_step_rewards": -1.04876708984375, "eval_average_episode_rewards": 20.0, "eval_win_rate": 1.0, "_runtime": 16248.420819044113, "_step": 1336100}