{"incre_win_rate": 0.0, "_timestamp": 1716295405.859729, "value_loss": 0.10104797730843226, "policy_loss": -0.049954379513634, "dist_entropy": 1.5295598745346068, "actor_grad_norm": 0.4729803502559662, "critic_grad_norm": 1.4249355792999268, "ratio": 1.005008578300476, "dead_ratio": 0.2607260726072608, "reward_predicting_loss": 71.44795989990234, "shaping_weight": 0.00407013762742281, "average_step_rewards": 0.1446702629327774, "eval_average_episode_rewards": 3.2876712328767126, "eval_win_rate": 0.0, "_runtime": 46.7656569480896, "_step": 1100}