{"average_shape_value": 0.4136986066216693, "_timestamp": 1716643315.2259657, "incre_win_rate": 0.0, "value_loss": 0.059655687461296715, "policy_loss": -0.02989183923553753, "dist_entropy": 0.4213193933169047, "actor_grad_norm": 0.4666430950164795, "critic_grad_norm": 0.3514699339866638, "ratio": 0.9697819948196411, "dead_ratio": 0.24422442244224418, "average_step_rewards": -0.22931498289108276, "eval_average_episode_rewards": 5.643835616438356, "eval_win_rate": 0.0, "_runtime": 310.4472408294678, "_step": 23300}