{"average_shape_value": 7.4575342465753405, "_timestamp": 1716645220.3505704, "incre_win_rate": 0.0, "value_loss": 0.02293353949983915, "policy_loss": -0.022471555375681854, "dist_entropy": 0.43610538442929586, "actor_grad_norm": 0.4212110638618469, "critic_grad_norm": 0.3201545178890228, "ratio": 1.0073693990707397, "dead_ratio": 0.1815181518151815, "average_step_rewards": 0.28876712918281555, "eval_average_episode_rewards": 19.999999999999996, "eval_win_rate": 1.0, "_runtime": 641.6734483242035, "_step": 49800}