{"incre_win_rate": 0.43902439024390244, "_timestamp": 1716399784.5854044, "value_loss": 0.09413444399833679, "policy_loss": -0.027982255949845224, "dist_entropy": 0.3453108529249827, "actor_grad_norm": 0.33575907349586487, "critic_grad_norm": 0.6977121829986572, "ratio": 0.9890120029449463, "dead_ratio": 0.306930693069307, "average_step_rewards": 0.3056369721889496, "eval_average_episode_rewards": 8.328767123287669, "eval_win_rate": 0.0, "_runtime": 1622.249483346939, "_step": 87100}