{"average_shape_value": 6.150684931506849, "_timestamp": 1716659265.4420865, "incre_win_rate": 0.42857142857142855, "value_loss": 0.2950663208961487, "policy_loss": -0.03993883242212253, "dist_entropy": 0.4140532831350962, "actor_grad_norm": 0.29164421558380127, "critic_grad_norm": 0.7335588335990906, "ratio": 0.9934817552566528, "dead_ratio": 0.16171617161716167, "average_step_rewards": 0.5430136919021606, "eval_average_episode_rewards": 6.95890410958904, "eval_win_rate": 0.0, "_runtime": 1229.2856495380402, "_step": 97000}