{"average_shape_value": 1.775342465753425, "_timestamp": 1716644183.5680263, "incre_win_rate": 0.0, "value_loss": 0.2353224813938141, "policy_loss": -0.05312779607465027, "dist_entropy": 0.7990278204282125, "actor_grad_norm": 0.5997627973556519, "critic_grad_norm": 0.6089504361152649, "ratio": 1.0170420408248901, "dead_ratio": 0.18481848184818483, "average_step_rewards": -0.9846575856208801, "eval_average_episode_rewards": 2.3013698630136985, "eval_win_rate": 0.0, "_runtime": 590.0058124065399, "_step": 45300}