{"incre_win_rate": 1.0, "_timestamp": 1716383432.1146293, "value_loss": 0.00015198061300907283, "policy_loss": -3.3706611917239114e-05, "dist_entropy": 0.11955393155415853, "actor_grad_norm": 0.36392512917518616, "critic_grad_norm": 0.010396350175142288, "ratio": 0.999977707862854, "dead_ratio": 0.0, "average_step_rewards": 1.1402740478515625, "eval_average_episode_rewards": 6.301369863013697, "eval_win_rate": 0.0, "_runtime": 13577.491782188416, "_step": 999100, "_wandb": {"runtime": 13583}}