{"average_shape_value": 0.2681618735025467, "_timestamp": 1716642554.2207005, "incre_win_rate": 0.0, "value_loss": 0.01796987180908521, "policy_loss": -0.037992922899623714, "dist_entropy": 1.5811100880304971, "actor_grad_norm": 0.41608864068984985, "critic_grad_norm": 0.2060304433107376, "ratio": 1.0154603719711304, "dead_ratio": 0.2541254125412541, "average_step_rewards": -0.21832911670207977, "eval_average_episode_rewards": 2.6301369863013697, "eval_win_rate": 0.0, "_runtime": 47.651899576187134, "_step": 2600}