{"incre_win_rate": 0.9629629629629629, "_timestamp": 1717092069.1372771, "value_loss": 0.0054331499462326365, "policy_loss": -1.0072111108261338e-06, "dist_entropy": 0.07587571144104004, "actor_grad_norm": 0.17352856695652008, "critic_grad_norm": 0.05107225105166435, "ratio": 0.9999997615814209, "dead_ratio": 0.01320132013201325, "average_step_rewards": -0.232876718044281, "eval_average_episode_rewards": 20.0, "eval_win_rate": 1.0, "_runtime": 36802.68062400818, "_step": 1999100, "_wandb": {"runtime": 36821}}