{"incre_win_rate": 0.7659574468085106, "_timestamp": 1716526296.331086, "value_loss": 0.06812937085827192, "policy_loss": -0.029636426591236463, "dist_entropy": 0.3129247566064199, "actor_grad_norm": 0.338426798582077, "critic_grad_norm": 0.24752424657344818, "ratio": 0.995050311088562, "dead_ratio": 0.14191419141914197, "average_step_rewards": -0.6673972606658936, "eval_average_episode_rewards": 20.0, "eval_win_rate": 1.0, "_runtime": 2534.7375469207764, "_step": 207100}