{"incre_win_rate": 0.43478260869565216, "_timestamp": 1716524005.2216232, "value_loss": 0.14855287969112396, "policy_loss": -0.011768323092821357, "dist_entropy": 0.2300185223420461, "actor_grad_norm": 0.17697367072105408, "critic_grad_norm": 0.5279185175895691, "ratio": 0.9873144626617432, "dead_ratio": 0.2178217821782178, "average_step_rewards": -1.3490411043167114, "eval_average_episode_rewards": 20.0, "eval_win_rate": 1.0, "_runtime": 243.62808418273926, "_step": 19100}