{"incre_win_rate": 0.8, "_timestamp": 1716526040.390062, "value_loss": 0.20079174041748046, "policy_loss": -0.016155546641532816, "dist_entropy": 0.31335711280504863, "actor_grad_norm": 0.24978503584861755, "critic_grad_norm": 0.2623090147972107, "ratio": 0.9970698952674866, "dead_ratio": 0.04950495049504955, "average_step_rewards": -0.7956163883209229, "eval_average_episode_rewards": 20.0, "eval_win_rate": 1.0, "_runtime": 2278.7965230941772, "_step": 186100}