{"incre_win_rate": 0.9215686274509803, "_timestamp": 1716540011.8786514, "value_loss": 0.31403307914733886, "policy_loss": -0.006065148431303177, "dist_entropy": 0.15734810729821522, "actor_grad_norm": 0.20178356766700745, "critic_grad_norm": 0.4537216126918793, "ratio": 1.0073751211166382, "dead_ratio": 0.05610561056105612, "average_step_rewards": -0.8657533526420593, "eval_average_episode_rewards": 20.0, "eval_win_rate": 1.0, "_runtime": 16250.285112380981, "_step": 1338100}