{"incre_win_rate": 1.0, "_timestamp": 1716445359.3456562, "value_loss": 0.00026772836378465096, "policy_loss": -9.356462432800565e-06, "dist_entropy": 0.04903086721897125, "actor_grad_norm": 0.2773928642272949, "critic_grad_norm": 0.0051873610354959965, "ratio": 1.0000133514404297, "dead_ratio": 0.0066006600660065695, "average_step_rewards": 1.0229014158248901, "eval_average_episode_rewards": 20.0, "eval_win_rate": 1.0, "_runtime": 45213.87326622009, "_step": 1999100, "_wandb": {"runtime": 45230}}