{"average_shape_value": 1.8356164383561642, "_timestamp": 1716662093.1715934, "incre_win_rate": 0.022222222222222223, "value_loss": 0.2848721166451772, "policy_loss": -0.0563622315176854, "dist_entropy": 0.9578751524289449, "actor_grad_norm": 0.5983626842498779, "critic_grad_norm": 1.3936107158660889, "ratio": 1.0142486095428467, "dead_ratio": 0.36963696369636967, "average_step_rewards": -0.7599999904632568, "eval_average_episode_rewards": 7.013698630136983, "eval_win_rate": 0.0, "_runtime": 131.45000743865967, "_step": 9600}