{"incre_win_rate": 0.125, "_timestamp": 1716399374.7146654, "value_loss": 0.02935507322351138, "policy_loss": -0.03032876822592101, "dist_entropy": 0.48707648118336994, "actor_grad_norm": 0.4522525370121002, "critic_grad_norm": 0.6833640336990356, "ratio": 0.9964973330497742, "dead_ratio": 0.2805280528052805, "reward_predicting_loss": 32.619720458984375, "shaping_weight": 0.9999898672103882, "average_step_rewards": 0.513422429561615, "eval_average_episode_rewards": 7.342465753424655, "eval_win_rate": 0.0, "_runtime": 946.1864974498749, "_step": 35100}