{"average_shape_value": 1.364287671245839, "_timestamp": 1716642914.5466776, "incre_win_rate": 0.0, "value_loss": 0.051715433100859326, "policy_loss": -0.03762012930478953, "dist_entropy": 0.8654539386431376, "actor_grad_norm": 0.37819162011146545, "critic_grad_norm": 0.17607563734054565, "ratio": 1.0244604349136353, "dead_ratio": 0.23432343234323427, "average_step_rewards": -0.49917805194854736, "eval_average_episode_rewards": 3.2876712328767126, "eval_win_rate": 0.0, "_runtime": 324.68276047706604, "_step": 24300}