{"average_shape_value": 8.638356164383561, "_timestamp": 1716657986.9754233, "incre_win_rate": 0.7222222222222222, "value_loss": 0.03443356044590473, "policy_loss": -0.019179571366521486, "dist_entropy": 0.2575970947742462, "actor_grad_norm": 0.3965090215206146, "critic_grad_norm": 0.36399486660957336, "ratio": 0.9973092675209045, "dead_ratio": 0.09900990099009899, "average_step_rewards": 0.7665753364562988, "eval_average_episode_rewards": 20.0, "eval_win_rate": 1.0, "_runtime": 12714.542640447617, "_step": 1015700}