{"average_shape_value": 2.335616438356164, "_timestamp": 1716644183.382004, "incre_win_rate": 0.02127659574468085, "value_loss": 0.3664382517337799, "policy_loss": -0.04525679502735531, "dist_entropy": 0.7342977444330852, "actor_grad_norm": 0.47021540999412537, "critic_grad_norm": 2.097130298614502, "ratio": 1.0004106760025024, "dead_ratio": 0.16171617161716167, "average_step_rewards": -2.2219176292419434, "eval_average_episode_rewards": 3.9452054794520546, "eval_win_rate": 0.0, "_runtime": 589.84752202034, "_step": 45400}