{"average_shape_value": 1.6794520547945204, "_timestamp": 1716660364.357975, "incre_win_rate": 0.0, "value_loss": 0.03825078954299291, "policy_loss": -0.055029388952838335, "dist_entropy": 0.569856059551239, "actor_grad_norm": 0.6082395315170288, "critic_grad_norm": 0.2954736053943634, "ratio": 0.9827837347984314, "dead_ratio": 0.23102310231023104, "average_step_rewards": -1.0800000429153442, "eval_average_episode_rewards": 2.6301369863013697, "eval_win_rate": 0.0, "_runtime": 1056.0178880691528, "_step": 82200}