{"incre_win_rate": 0.0, "_timestamp": 1716295406.0632775, "value_loss": 0.0958585873246193, "policy_loss": -0.04410213600804512, "dist_entropy": 1.59196933110555, "actor_grad_norm": 0.4853093922138214, "critic_grad_norm": 1.421203851699829, "ratio": 1.0032511949539185, "dead_ratio": 0.21452145214521456, "reward_predicting_loss": 40.521236419677734, "shaping_weight": 0.00407013762742281, "average_step_rewards": 0.15689827501773834, "eval_average_episode_rewards": 7.9999999999999964, "eval_win_rate": 0.0, "_runtime": 47.02136945724487, "_step": 1100}