{"average_shape_value": 0.221605354033378, "_timestamp": 1716642555.0917006, "incre_win_rate": 0.0, "value_loss": 0.025192435582478842, "policy_loss": -0.04029122249205622, "dist_entropy": 1.447584589322408, "actor_grad_norm": 0.4084243178367615, "critic_grad_norm": 0.20895618200302124, "ratio": 0.9890830516815186, "dead_ratio": 0.1914191419141914, "average_step_rewards": -0.2644954025745392, "eval_average_episode_rewards": 2.3013698630136985, "eval_win_rate": 0.0, "_runtime": 48.736066579818726, "_step": 2700}