{"incre_win_rate": 0.0, "_timestamp": 1716642473.1877053, "value_loss": 0.00698605552315712, "policy_loss": -0.03723646584716048, "dist_entropy": 0.520186452070872, "actor_grad_norm": 0.39036300778388977, "critic_grad_norm": 0.092570960521698, "ratio": 0.9794198870658875, "dead_ratio": 0.13531353135313529, "average_step_rewards": -0.9178082346916199, "eval_average_episode_rewards": 2.6301369863013697, "eval_win_rate": 0.0, "_runtime": 1969.1902723312378, "_step": 154500, "average_shape_value": 2.587671232876712}