{"average_shape_value": 0.5863013698630136, "_timestamp": 1716644545.3575962, "incre_win_rate": 0.0, "value_loss": 0.014341653138399125, "policy_loss": -0.01771380710565751, "dist_entropy": 0.2759541630744934, "actor_grad_norm": 0.33679360151290894, "critic_grad_norm": 0.3936381936073303, "ratio": 0.9916651844978333, "dead_ratio": 0.18481848184818483, "average_step_rewards": -0.6673972606658936, "eval_average_episode_rewards": 6.2465753424657535, "eval_win_rate": 0.0, "_runtime": 305.89191818237305, "_step": 22100}