{"incre_win_rate": 0.9772727272727273, "_timestamp": 1717054474.3481834, "value_loss": 0.002347449477141102, "policy_loss": -0.010979547728061808, "dist_entropy": 0.3742035984992981, "actor_grad_norm": 0.34938111901283264, "critic_grad_norm": 0.04018154740333557, "ratio": 0.9905616641044617, "dead_ratio": 0.03300330033003296, "average_step_rewards": 0.6959999799728394, "eval_average_episode_rewards": 7.342465753424655, "eval_win_rate": 0.0, "_runtime": 18129.165827274323, "_step": 1501100}