{"average_shape_value": 0.9095890410958903, "_timestamp": 1716644183.2152858, "incre_win_rate": 0.0, "value_loss": 0.20564273099104563, "policy_loss": -0.0661098139995867, "dist_entropy": 0.9235519448916117, "actor_grad_norm": 0.5331381559371948, "critic_grad_norm": 1.4693729877471924, "ratio": 1.0041793584823608, "dead_ratio": 0.2805280528052805, "average_step_rewards": -0.7068493366241455, "eval_average_episode_rewards": 4.273972602739725, "eval_win_rate": 0.0, "_runtime": 589.7012417316437, "_step": 44600}