{"average_shape_value": 6.717808219178082, "_timestamp": 1716659264.8936415, "incre_win_rate": 0.15, "value_loss": 0.3094191312789917, "policy_loss": -0.028984991477945244, "dist_entropy": 0.36706743041674295, "actor_grad_norm": 0.32955142855644226, "critic_grad_norm": 1.140279769897461, "ratio": 0.996336817741394, "dead_ratio": 0.2838283828382838, "average_step_rewards": 0.35342466831207275, "eval_average_episode_rewards": 5.643835616438355, "eval_win_rate": 0.0, "_runtime": 1228.6968903541565, "_step": 93400}