{"incre_win_rate": 0.0, "_timestamp": 1716399775.0737984, "value_loss": 0.09567136516173681, "policy_loss": -0.03998754218788427, "dist_entropy": 1.3940571626027425, "actor_grad_norm": 0.5304512977600098, "critic_grad_norm": 1.461342453956604, "ratio": 1.0081239938735962, "dead_ratio": 0.3894389438943895, "reward_predicting_loss": 5.779600143432617, "shaping_weight": 0.006692850962281227, "average_step_rewards": 0.12481624633073807, "eval_average_episode_rewards": 1.3150684931506849, "eval_win_rate": 0.0, "_runtime": 75.28476333618164, "_step": 2100}