{"incre_win_rate": 0.88, "_timestamp": 1717225112.4593203, "value_loss": 0.026676896959543228, "policy_loss": -0.02415569819422482, "dist_entropy": 0.305314435561498, "actor_grad_norm": 0.23740528523921967, "critic_grad_norm": 0.3420504331588745, "ratio": 1.0287141799926758, "dead_ratio": 0.02970297029702973, "average_step_rewards": -1.4339725971221924, "eval_average_episode_rewards": 20.0, "eval_win_rate": 1.0, "_runtime": 5861.424156188965, "_step": 482100}