{"incre_win_rate": 0.3137254901960784, "_timestamp": 1717219191.0998647, "value_loss": 0.4356200575828552, "policy_loss": -0.03432154134175581, "dist_entropy": 0.282840750614802, "actor_grad_norm": 0.3142193555831909, "critic_grad_norm": 0.6738193035125732, "ratio": 0.9760378003120422, "dead_ratio": 0.12211221122112215, "average_step_rewards": -0.6526027321815491, "eval_average_episode_rewards": 7.342465753424658, "eval_win_rate": 0.0, "_runtime": 2500.8377017974854, "_step": 203100}