{"incre_win_rate": 1.0, "_timestamp": 1716520811.7609055, "value_loss": 0.0027842283248901366, "policy_loss": -0.00016857173679198922, "dist_entropy": 0.07779646664857864, "actor_grad_norm": 0.8842911124229431, "critic_grad_norm": 0.06794027239084244, "ratio": 1.0000088214874268, "dead_ratio": 0.0, "average_step_rewards": -0.3095890283584595, "eval_average_episode_rewards": 20.0, "eval_win_rate": 1.0, "_runtime": 24329.3982694149, "_step": 1999100, "_wandb": {"runtime": 24335}}