{"incre_win_rate": 0.0, "_timestamp": 1716359418.28748, "value_loss": 0.26894538005193075, "policy_loss": -0.034509518838081614, "dist_entropy": 1.6678128242492676, "actor_grad_norm": 0.49700474739074707, "critic_grad_norm": 2.17215633392334, "ratio": 0.9991142153739929, "dead_ratio": 0.39603960396039606, "average_step_rewards": -0.009999998845160007, "eval_average_episode_rewards": 0.3287671232876712, "eval_win_rate": 0.0, "_runtime": 14.950079202651978, "_step": 100}