{"average_shape_value": 0.904109589041096, "_timestamp": 1716642581.587702, "incre_win_rate": 0.0, "value_loss": 0.8238797068595887, "policy_loss": -0.03510216269676233, "dist_entropy": 1.666820470492045, "actor_grad_norm": 0.48882538080215454, "critic_grad_norm": 2.805508852005005, "ratio": 0.9989825487136841, "dead_ratio": 0.39603960396039606, "average_step_rewards": 0.023013697937130928, "eval_average_episode_rewards": 3.013698630136986, "eval_win_rate": 0.0, "_runtime": 16.5453679561615, "_step": 200}