{"incre_win_rate": 0.0, "_timestamp": 1716642475.4881744, "value_loss": 0.005164461303502321, "policy_loss": -0.02808230639632896, "dist_entropy": 0.5036890506744385, "actor_grad_norm": 0.3514796793460846, "critic_grad_norm": 0.27171945571899414, "ratio": 0.9964621067047119, "dead_ratio": 0.2706270627062707, "average_step_rewards": -0.4427397549152374, "eval_average_episode_rewards": 4.6575342465753415, "eval_win_rate": 0.0, "_runtime": 1971.130083322525, "_step": 160800, "average_shape_value": 0.29863013698630136}