{"average_shape_value": 7.454794520547944, "_timestamp": 1716659264.9371512, "incre_win_rate": 0.5333333333333333, "value_loss": 0.23942956725756329, "policy_loss": -0.024078813026865417, "dist_entropy": 0.28458856145540873, "actor_grad_norm": 0.2713066339492798, "critic_grad_norm": 0.7881015539169312, "ratio": 1.0151830911636353, "dead_ratio": 0.08580858085808585, "average_step_rewards": 0.7265753746032715, "eval_average_episode_rewards": 7.999999999999997, "eval_win_rate": 0.0, "_runtime": 1228.783076286316, "_step": 96900}