{"incre_win_rate": 0.18604651162790697, "_timestamp": 1716545127.3597686, "value_loss": 0.016996640153229235, "policy_loss": -0.04400210112429228, "dist_entropy": 0.774830702940623, "actor_grad_norm": 0.4236314594745636, "critic_grad_norm": 0.2936183512210846, "ratio": 0.9958557486534119, "dead_ratio": 0.21452145214521456, "average_step_rewards": -0.8309615850448608, "eval_average_episode_rewards": 20.0, "eval_win_rate": 1.0, "_runtime": 256.7045085430145, "_step": 19100}