{"average_shape_value": 0.37534246575737945, "_timestamp": 1716642914.3713534, "incre_win_rate": 0.0, "value_loss": 0.007967338245362044, "policy_loss": -0.04446983376421985, "dist_entropy": 0.7921101291974385, "actor_grad_norm": 0.6050472855567932, "critic_grad_norm": 0.39007899165153503, "ratio": 0.9834886193275452, "dead_ratio": 0.17821782178217827, "average_step_rewards": -0.3465753197669983, "eval_average_episode_rewards": 4.986301369863012, "eval_win_rate": 0.0, "_runtime": 324.94611144065857, "_step": 24200}