{"incre_win_rate": 0.6666666666666666, "_timestamp": 1716452359.462695, "value_loss": 0.06845965137084326, "policy_loss": -0.019855368978289316, "dist_entropy": 0.3760453383127848, "actor_grad_norm": 0.227605938911438, "critic_grad_norm": 0.6503751873970032, "ratio": 1.0007562637329102, "dead_ratio": 0.08910891089108908, "reward_predicting_loss": 67.2295150756836, "shaping_weight": 1.0, "average_step_rewards": 1.3552502393722534, "eval_average_episode_rewards": 20.0, "eval_win_rate": 1.0, "_runtime": 2631.2900059223175, "_step": 162100}