{"incre_win_rate": 0.0, "_timestamp": 1716399772.8547716, "value_loss": 0.11402408679326376, "policy_loss": -0.027151560223522195, "dist_entropy": 0.9806384166081746, "actor_grad_norm": 0.3426973819732666, "critic_grad_norm": 1.0244393348693848, "ratio": 0.9940588474273682, "dead_ratio": 0.2376237623762376, "reward_predicting_loss": 32.41986083984375, "shaping_weight": 0.006692850962281227, "average_step_rewards": 0.2819136679172516, "eval_average_episode_rewards": 6.356164383561642, "eval_win_rate": 0.0, "_runtime": 73.15504670143127, "_step": 2100}