{"incre_win_rate": 0.46153846153846156, "_timestamp": 1716359133.3206532, "value_loss": 0.23729975620905558, "policy_loss": -0.03293601730493485, "dist_entropy": 0.3107881704966227, "actor_grad_norm": 0.34366297721862793, "critic_grad_norm": 0.6802416443824768, "ratio": 0.9958796501159668, "dead_ratio": 0.24752475247524752, "reward_predicting_loss": 137.65505981445312, "shaping_weight": 1.0, "average_step_rewards": 0.5858753323554993, "eval_average_episode_rewards": 8.328767123287667, "eval_win_rate": 0.0, "_runtime": 4236.124132156372, "_step": 163100}