{"incre_win_rate": 1.0, "_timestamp": 1716449395.340951, "value_loss": 0.0005670254157545666, "policy_loss": -0.00017096615411240634, "dist_entropy": 0.12923205693562825, "actor_grad_norm": 1.4341720342636108, "critic_grad_norm": 0.006094897165894508, "ratio": 0.9999231696128845, "dead_ratio": 0.02640264026402639, "reward_predicting_loss": 397.1612548828125, "shaping_weight": 1.6860386382974138e-28, "average_step_rewards": 1.0235615968704224, "eval_average_episode_rewards": 20.0, "eval_win_rate": 1.0, "_runtime": 49306.79408502579, "_step": 1999100, "_wandb": {"runtime": 49315}}