{"incre_win_rate": 0.41379310344827586, "_timestamp": 1716992754.2608895, "value_loss": 0.06333838229378065, "policy_loss": -0.03499642366126257, "dist_entropy": 0.3130470176537832, "actor_grad_norm": 0.3336850702762604, "critic_grad_norm": 0.3202546536922455, "ratio": 1.0356764793395996, "dead_ratio": 0.33168316831683164, "average_step_rewards": 0.31593748927116394, "eval_average_episode_rewards": 10.6875, "eval_win_rate": 0.0, "_runtime": 20491.476900577545, "_step": 871100}