{"incre_win_rate": 0.0, "_timestamp": 1717019208.6942878, "value_loss": 0.028103217979272208, "policy_loss": -5.4584994404649476e-05, "dist_entropy": 0.08279309471448262, "actor_grad_norm": 0.6958137154579163, "critic_grad_norm": 0.286615788936615, "ratio": 0.999990701675415, "dead_ratio": 0.03960396039603964, "average_step_rewards": -7.301918983459473, "eval_average_episode_rewards": 3.6164383561643834, "eval_win_rate": 0.0, "_runtime": 26297.336803674698, "_step": 2000000, "cluster_avg_value": 2.2164382934570312, "_wandb": {"runtime": 26297}}