{"incre_win_rate": 0.88, "_timestamp": 1717091778.149276, "value_loss": 0.1641330728928248, "policy_loss": -0.010254808146230705, "dist_entropy": 0.21608746945858, "actor_grad_norm": 0.2093290239572525, "critic_grad_norm": 0.22699691355228424, "ratio": 0.9971198439598083, "dead_ratio": 0.03960396039603964, "average_step_rewards": -0.42465752363204956, "eval_average_episode_rewards": 20.0, "eval_win_rate": 1.0, "_runtime": 26604.595529079437, "_step": 1165100}