{"incre_win_rate": 0.0, "_timestamp": 1716642475.7033937, "value_loss": 0.012671266247828801, "policy_loss": -0.021002826592754785, "dist_entropy": 0.40149547656377155, "actor_grad_norm": 0.5136889815330505, "critic_grad_norm": 0.407879501581192, "ratio": 1.0111604928970337, "dead_ratio": 0.13861386138613863, "average_step_rewards": -5.569589138031006, "eval_average_episode_rewards": 2.3013698630136985, "eval_win_rate": 0.0, "_runtime": 1971.339626789093, "_step": 157200, "average_shape_value": 2.7780821917808223}