{"incre_win_rate": 0.5897435897435898, "_timestamp": 1716359107.6766696, "value_loss": 0.20006649990876516, "policy_loss": -0.019734852223386192, "dist_entropy": 0.2595069169998169, "actor_grad_norm": 0.23834143579006195, "critic_grad_norm": 0.7997553944587708, "ratio": 0.9889158010482788, "dead_ratio": 0.16831683168316836, "reward_predicting_loss": 263.3800964355469, "shaping_weight": 1.0, "average_step_rewards": 0.9021201729774475, "eval_average_episode_rewards": 7.013698630136986, "eval_win_rate": 0.0, "_runtime": 3924.761512517929, "_step": 142100}