{"incre_win_rate": 0.0, "_timestamp": 1716992791.5072756, "value_loss": 0.015195025379459064, "policy_loss": -0.03777685929120101, "dist_entropy": 0.3305323123931885, "actor_grad_norm": 0.3910161852836609, "critic_grad_norm": 0.07163546234369278, "ratio": 1.0136077404022217, "dead_ratio": 0.29702970297029707, "average_step_rewards": 0.09000000357627869, "eval_average_episode_rewards": 3.1875, "eval_win_rate": 0.0, "_runtime": 20528.741043567657, "_step": 917100}