{"average_shape_value": 0.6575342465753425, "_timestamp": 1716644544.4956262, "incre_win_rate": 0.0, "value_loss": 0.013394544087350368, "policy_loss": -0.03208775122021259, "dist_entropy": 0.549027148882548, "actor_grad_norm": 0.38077980279922485, "critic_grad_norm": 0.2248317152261734, "ratio": 1.0164798498153687, "dead_ratio": 0.21452145214521456, "average_step_rewards": -0.8224657773971558, "eval_average_episode_rewards": 5.643835616438356, "eval_win_rate": 0.0, "_runtime": 305.02323818206787, "_step": 22100}