{"incre_win_rate": 1.0, "_timestamp": 1717092087.3629987, "value_loss": 0.01171291017283996, "policy_loss": -2.474830363610181e-05, "dist_entropy": 0.046273383249839144, "actor_grad_norm": 0.3154454529285431, "critic_grad_norm": 0.0983804389834404, "ratio": 0.9999895095825195, "dead_ratio": 0.00990099009900991, "average_step_rewards": -0.13369862735271454, "eval_average_episode_rewards": 20.0, "eval_win_rate": 1.0, "_runtime": 36820.86558365822, "_step": 1999100, "_wandb": {"runtime": 36836}}