{"incre_win_rate": 0.0, "_timestamp": 1716988980.7470522, "value_loss": 0.5899490435918172, "policy_loss": -0.039746414222584764, "dist_entropy": 0.325001593430837, "actor_grad_norm": 0.3907977044582367, "critic_grad_norm": 1.2897212505340576, "ratio": 0.9958380460739136, "dead_ratio": 0.4108910891089109, "average_step_rewards": -1.4674999713897705, "eval_average_episode_rewards": 2.4375, "eval_win_rate": 0.0, "_runtime": 16709.17228412628, "_step": 637100, "cluster_avg_value": 1.306249976158142}