{"incre_win_rate": 0.0, "_timestamp": 1716988979.2639713, "value_loss": 0.004113060996557275, "policy_loss": -0.036838792313392335, "dist_entropy": 0.3360413451989492, "actor_grad_norm": 0.43139389157295227, "critic_grad_norm": 0.03252866119146347, "ratio": 1.001643419265747, "dead_ratio": 0.4108910891089109, "average_step_rewards": -1.0168750286102295, "eval_average_episode_rewards": 3.375, "eval_win_rate": 0.0, "_runtime": 16707.8336853981, "_step": 698600, "cluster_avg_value": 1.1671874523162842}