{"incre_win_rate": 0.24324324324324326, "_timestamp": 1716992764.0187178, "value_loss": 0.02968536429107189, "policy_loss": -0.026284504014467913, "dist_entropy": 0.21743872662385305, "actor_grad_norm": 0.2889282703399658, "critic_grad_norm": 0.12346212565898895, "ratio": 1.0176939964294434, "dead_ratio": 0.35148514851485146, "average_step_rewards": 0.48531249165534973, "eval_average_episode_rewards": 10.09375, "eval_win_rate": 0.0, "_runtime": 20501.239265680313, "_step": 881100}