{"average_shape_value": 1.4397260274095731, "_timestamp": 1716642913.9429786, "incre_win_rate": 0.0, "value_loss": 0.22629274725914, "policy_loss": -0.04062910597963647, "dist_entropy": 0.726160216331482, "actor_grad_norm": 0.457783967256546, "critic_grad_norm": 1.4339933395385742, "ratio": 0.9931704998016357, "dead_ratio": 0.19471947194719474, "average_step_rewards": -0.7646576166152954, "eval_average_episode_rewards": 4.931506849315067, "eval_win_rate": 0.0, "_runtime": 324.5137417316437, "_step": 24400}