{"incre_win_rate": 0.0, "_timestamp": 1716359418.4754434, "value_loss": 0.21493704617023468, "policy_loss": -0.029746439617279682, "dist_entropy": 1.7043643792470295, "actor_grad_norm": 0.41758471727371216, "critic_grad_norm": 1.1053109169006348, "ratio": 0.9971474409103394, "dead_ratio": 0.25082508250825086, "average_step_rewards": -0.009999998845160007, "eval_average_episode_rewards": 0.0, "eval_win_rate": 0.0, "_runtime": 15.141079425811768, "_step": 100}