{"average_shape_value": 1.3945205479452056, "_timestamp": 1716660680.5358112, "incre_win_rate": 0.0, "value_loss": 0.017526918401320774, "policy_loss": -0.046040458995195384, "dist_entropy": 0.8157648086547852, "actor_grad_norm": 0.5562408566474915, "critic_grad_norm": 0.14161157608032227, "ratio": 1.0038695335388184, "dead_ratio": 0.2376237623762376, "average_step_rewards": -0.7161644101142883, "eval_average_episode_rewards": 3.6164383561643834, "eval_win_rate": 0.0, "_runtime": 212.47429513931274, "_step": 16000}