{"incre_win_rate": 0.02040816326530612, "_timestamp": 1716545138.8809068, "value_loss": 0.002363020662839214, "policy_loss": -0.02403575986472705, "dist_entropy": 0.4987504025300344, "actor_grad_norm": 0.39395764470100403, "critic_grad_norm": 0.09621548652648926, "ratio": 1.0025664567947388, "dead_ratio": 0.12871287128712872, "average_step_rewards": -1.6364251375198364, "eval_average_episode_rewards": 5.589041095890411, "eval_win_rate": 0.0, "_runtime": 268.3063657283783, "_step": 20100}