{"incre_win_rate": 0.8461538461538461, "_timestamp": 1716456879.544386, "value_loss": 0.2922210415204366, "policy_loss": -0.044059647213687, "dist_entropy": 0.31369709173838295, "actor_grad_norm": 0.365521639585495, "critic_grad_norm": 0.9137564897537231, "ratio": 1.0052467584609985, "dead_ratio": 0.17161716171617158, "reward_predicting_loss": 29.167146682739258, "shaping_weight": 1.0, "average_step_rewards": 0.5728006958961487, "eval_average_episode_rewards": 7.671232876712328, "eval_win_rate": 0.0, "_runtime": 5093.245736837387, "_step": 325100}