{"incre_win_rate": 0.0, "_timestamp": 1716359122.6779656, "value_loss": 0.011047509592026472, "policy_loss": -0.05093397110998623, "dist_entropy": 0.5559766252835592, "actor_grad_norm": 0.5084471702575684, "critic_grad_norm": 0.14911672472953796, "ratio": 0.9744324088096619, "dead_ratio": 0.570957095709571, "reward_predicting_loss": 31.457712173461914, "shaping_weight": 1.0, "average_step_rewards": 0.5292820334434509, "eval_average_episode_rewards": 2.958904109589041, "eval_win_rate": 0.0, "_runtime": 4225.475351572037, "_step": 165100}