{"incre_win_rate": 0.6046511627906976, "_timestamp": 1716526303.2159123, "value_loss": 0.2269196073214213, "policy_loss": -0.0211423981059036, "dist_entropy": 0.3267045855522156, "actor_grad_norm": 0.2922857999801636, "critic_grad_norm": 0.44638708233833313, "ratio": 1.01947820186615, "dead_ratio": 0.18811881188118806, "average_step_rewards": -1.2569862604141235, "eval_average_episode_rewards": 20.0, "eval_win_rate": 1.0, "_runtime": 2541.6319823265076, "_step": 202100}