{"incre_win_rate": 0.6470588235294118, "_timestamp": 1716526029.3636804, "value_loss": 0.3842457294464111, "policy_loss": -0.016464587741935214, "dist_entropy": 0.2721620579560598, "actor_grad_norm": 0.219780832529068, "critic_grad_norm": 0.9722648859024048, "ratio": 1.0343241691589355, "dead_ratio": 0.11221122112211224, "average_step_rewards": -1.1254794597625732, "eval_average_episode_rewards": 20.0, "eval_win_rate": 1.0, "_runtime": 2267.7797503471375, "_step": 180100}