{"incre_win_rate": 0.9807692307692307, "_timestamp": 1716540005.644738, "value_loss": 0.011121084292729696, "policy_loss": -0.014640443976641392, "dist_entropy": 0.22423762182394663, "actor_grad_norm": 0.27899399399757385, "critic_grad_norm": 0.1268114149570465, "ratio": 1.0066338777542114, "dead_ratio": 0.0033003300330033403, "average_step_rewards": -0.45917806029319763, "eval_average_episode_rewards": 20.0, "eval_win_rate": 1.0, "_runtime": 16244.060807943344, "_step": 1313100}