{"incre_win_rate": 0.10204081632653061, "_timestamp": 1716523997.6369457, "value_loss": 0.1920821229616801, "policy_loss": -0.03606958721830236, "dist_entropy": 0.4706280628840129, "actor_grad_norm": 0.4336904287338257, "critic_grad_norm": 0.9734222888946533, "ratio": 1.0058321952819824, "dead_ratio": 0.12541254125412538, "average_step_rewards": -1.1758904457092285, "eval_average_episode_rewards": 8.328767123287669, "eval_win_rate": 0.0, "_runtime": 236.05301570892334, "_step": 18100}