{"incre_win_rate": 0.5454545454545454, "_timestamp": 1717225109.218612, "value_loss": 0.19243114789326984, "policy_loss": -0.017192377581023703, "dist_entropy": 0.22273922562599183, "actor_grad_norm": 0.21417342126369476, "critic_grad_norm": 0.4424703121185303, "ratio": 0.989208459854126, "dead_ratio": 0.09900990099009899, "average_step_rewards": -0.23561646044254303, "eval_average_episode_rewards": 7.013698630136983, "eval_win_rate": 0.0, "_runtime": 5858.16952586174, "_step": 483100}