{"incre_win_rate": 1.0, "_timestamp": 1716445676.7107124, "value_loss": 0.006800509771953026, "policy_loss": -0.001284406364182189, "dist_entropy": 0.14797448515892028, "actor_grad_norm": 4.579319477081299, "critic_grad_norm": 0.029279034584760666, "ratio": 0.9997216463088989, "dead_ratio": 0.03300330033003296, "average_step_rewards": 1.120587706565857, "eval_average_episode_rewards": 20.0, "eval_win_rate": 1.0, "_runtime": 45531.293417453766, "_step": 1999100, "_wandb": {"runtime": 45550}}