{"average_shape_value": 7.558904109589041, "_timestamp": 1716657986.7803764, "incre_win_rate": 0.9777777777777777, "value_loss": 0.0386265071729819, "policy_loss": -0.008427399845310941, "dist_entropy": 0.26854960719744364, "actor_grad_norm": 0.20990246534347534, "critic_grad_norm": 0.16751833260059357, "ratio": 0.9916064739227295, "dead_ratio": 0.09900990099009899, "average_step_rewards": 0.9265753030776978, "eval_average_episode_rewards": 20.0, "eval_win_rate": 1.0, "_runtime": 12714.33160352707, "_step": 1018700}