{"average_shape_value": 1.2876712328767121, "_timestamp": 1716660680.4884734, "incre_win_rate": 0.0, "value_loss": 0.008457738626748323, "policy_loss": -0.04037429446147544, "dist_entropy": 0.8420195619265238, "actor_grad_norm": 0.45907947421073914, "critic_grad_norm": 0.38661104440689087, "ratio": 1.016679286956787, "dead_ratio": 0.19471947194719474, "average_step_rewards": -0.7008218765258789, "eval_average_episode_rewards": 3.6164383561643834, "eval_win_rate": 0.0, "_runtime": 212.42930841445923, "_step": 15800}