{"average_shape_value": 7.468493150684933, "_timestamp": 1716645220.494653, "incre_win_rate": 0.6521739130434783, "value_loss": 0.022735613832871118, "policy_loss": -0.019083679264322483, "dist_entropy": 0.31111093759536745, "actor_grad_norm": 0.3413236141204834, "critic_grad_norm": 0.6874216198921204, "ratio": 0.9990207552909851, "dead_ratio": 0.06600660066006603, "average_step_rewards": 0.9901369214057922, "eval_average_episode_rewards": 20.0, "eval_win_rate": 1.0, "_runtime": 641.8758809566498, "_step": 50900}