{"incre_win_rate": 0.9795918367346939, "_timestamp": 1716373303.4673584, "value_loss": 0.0003647919472617408, "policy_loss": -0.0001463497507944093, "dist_entropy": 0.19561437765757242, "actor_grad_norm": 0.9595750570297241, "critic_grad_norm": 0.008450018242001534, "ratio": 1.0000576972961426, "dead_ratio": 0.0066006600660065695, "average_step_rewards": 1.0004355907440186, "eval_average_episode_rewards": 20.0, "eval_win_rate": 1.0, "_runtime": 13650.550156354904, "_step": 999100, "_wandb": {"runtime": 13666}}