{"incre_win_rate": 0.0, "_timestamp": 1716399774.046624, "value_loss": 0.21029671927293142, "policy_loss": -0.038584822971743905, "dist_entropy": 1.2433326959609985, "actor_grad_norm": 0.5523130893707275, "critic_grad_norm": 1.7412370443344116, "ratio": 0.9961603283882141, "dead_ratio": 0.23432343234323427, "reward_predicting_loss": 33.76866149902344, "shaping_weight": 0.006692850962281227, "average_step_rewards": 0.16132208704948425, "eval_average_episode_rewards": 1.9726027397260273, "eval_win_rate": 0.0, "_runtime": 74.47090792655945, "_step": 2100}