{"incre_win_rate": 0.08, "_timestamp": 1716545136.2641685, "value_loss": 0.01304089358697335, "policy_loss": -0.03460772526398064, "dist_entropy": 0.6275911490122478, "actor_grad_norm": 0.46854838728904724, "critic_grad_norm": 0.3462008833885193, "ratio": 0.9923179149627686, "dead_ratio": 0.21452145214521456, "average_step_rewards": -0.7696477770805359, "eval_average_episode_rewards": 7.013698630136985, "eval_win_rate": 0.0, "_runtime": 265.6836016178131, "_step": 20100}