{"incre_win_rate": 0.061224489795918366, "_timestamp": 1717219188.2623699, "value_loss": 0.06956965923309326, "policy_loss": -0.029712728277119283, "dist_entropy": 0.265904434521993, "actor_grad_norm": 0.3184604048728943, "critic_grad_norm": 0.8269984126091003, "ratio": 0.9928983449935913, "dead_ratio": 0.14191419141914197, "average_step_rewards": -0.7687671780586243, "eval_average_episode_rewards": 6.630136986301369, "eval_win_rate": 0.0, "_runtime": 2497.9957208633423, "_step": 205100}