{"average_shape_value": 1.317808219178082, "_timestamp": 1716660364.9980567, "incre_win_rate": 0.0, "value_loss": 0.044741062074899675, "policy_loss": -0.033790669206589526, "dist_entropy": 0.721530012289683, "actor_grad_norm": 0.4083617925643921, "critic_grad_norm": 0.5463773012161255, "ratio": 1.0143520832061768, "dead_ratio": 0.24092409240924095, "average_step_rewards": -0.7638356685638428, "eval_average_episode_rewards": 2.958904109589041, "eval_win_rate": 0.0, "_runtime": 1056.5983746051788, "_step": 79200}