{"average_shape_value": 3.53972602739726, "_timestamp": 1716644545.4414637, "incre_win_rate": 0.0, "value_loss": 0.005732208024710417, "policy_loss": -0.05563767620458684, "dist_entropy": 0.9306732257207234, "actor_grad_norm": 0.579565703868866, "critic_grad_norm": 0.07234672456979752, "ratio": 0.9825224876403809, "dead_ratio": 0.22442244224422447, "average_step_rewards": -0.8854793310165405, "eval_average_episode_rewards": 2.958904109589041, "eval_win_rate": 0.0, "_runtime": 305.9706976413727, "_step": 22100}