{"incre_win_rate": 1.0, "_timestamp": 1716383429.9585881, "value_loss": 0.0005605183502969643, "policy_loss": -0.00010625564052502885, "dist_entropy": 0.09287085731824239, "actor_grad_norm": 0.6500738263130188, "critic_grad_norm": 0.02348022349178791, "ratio": 0.9999797344207764, "dead_ratio": 0.0066006600660065695, "average_step_rewards": 1.009863018989563, "eval_average_episode_rewards": 20.0, "eval_win_rate": 1.0, "_runtime": 13575.375934123993, "_step": 999100, "_wandb": {"runtime": 13581}}