{"average_shape_value": 8.534246575342467, "_timestamp": 1716645220.492122, "incre_win_rate": 0.5897435897435898, "value_loss": 0.42752257188161213, "policy_loss": -0.036444318951089724, "dist_entropy": 0.32364401817321775, "actor_grad_norm": 0.4098387658596039, "critic_grad_norm": 1.4865443706512451, "ratio": 1.004309892654419, "dead_ratio": 0.12871287128712872, "average_step_rewards": 0.5364383459091187, "eval_average_episode_rewards": 20.0, "eval_win_rate": 1.0, "_runtime": 641.869922876358, "_step": 49800}