{"incre_win_rate": 0.0, "_timestamp": 1716642476.4912162, "value_loss": 0.0028680387263496717, "policy_loss": -0.03452463221748895, "dist_entropy": 0.6391082167625427, "actor_grad_norm": 0.37335067987442017, "critic_grad_norm": 0.11880777031183243, "ratio": 0.9968032836914062, "dead_ratio": 0.26732673267326734, "average_step_rewards": -2.801095962524414, "eval_average_episode_rewards": 2.6301369863013697, "eval_win_rate": 0.0, "_runtime": 1972.487065076828, "_step": 159000, "average_shape_value": 2.032876712328767}