{"incre_win_rate": 0.0, "_timestamp": 1716399774.955381, "value_loss": 0.035903764267762504, "policy_loss": -0.05655180183695817, "dist_entropy": 1.233550492922465, "actor_grad_norm": 0.5618749856948853, "critic_grad_norm": 1.2912096977233887, "ratio": 1.0052597522735596, "dead_ratio": 0.5346534653465347, "reward_predicting_loss": 44.05291748046875, "shaping_weight": 0.006692850962281227, "average_step_rewards": 0.012289676815271378, "eval_average_episode_rewards": 1.6438356164383563, "eval_win_rate": 0.0, "_runtime": 75.23356199264526, "_step": 2100}