{"average_shape_value": 0.2362768449736285, "_timestamp": 1716642554.0921524, "incre_win_rate": 0.0, "value_loss": 0.051986964295307796, "policy_loss": -0.040292079660755084, "dist_entropy": 1.3078009446461996, "actor_grad_norm": 0.512459397315979, "critic_grad_norm": 1.1526620388031006, "ratio": 1.0041745901107788, "dead_ratio": 0.3003300330033003, "average_step_rewards": -0.18770425021648407, "eval_average_episode_rewards": 1.3150684931506849, "eval_win_rate": 0.0, "_runtime": 47.65384840965271, "_step": 2500}