{"incre_win_rate": 0.5111111111111111, "_timestamp": 1717157427.436604, "value_loss": 0.27735644976298013, "policy_loss": -0.030199220941425627, "dist_entropy": 0.2917420069376628, "actor_grad_norm": 0.30555522441864014, "critic_grad_norm": 0.6007018089294434, "ratio": 0.9961336255073547, "dead_ratio": 0.15841584158415845, "average_step_rewards": -0.5747945308685303, "eval_average_episode_rewards": 20.0, "eval_win_rate": 1.0, "_runtime": 1961.4054009914398, "_step": 154100}