{"incre_win_rate": 0.5121951219512195, "_timestamp": 1716399774.4690242, "value_loss": 0.19596694509188334, "policy_loss": -0.03191085339908805, "dist_entropy": 0.36477864980697633, "actor_grad_norm": 0.294894814491272, "critic_grad_norm": 0.6867638230323792, "ratio": 0.9987695813179016, "dead_ratio": 0.16501650165016502, "average_step_rewards": 0.6664369702339172, "eval_average_episode_rewards": 7.6712328767123275, "eval_win_rate": 0.0, "_runtime": 1612.1813311576843, "_step": 92100}