{"incre_win_rate": 1.0, "_timestamp": 1716520811.459415, "value_loss": 0.01774857540925344, "policy_loss": -9.523358135569519e-07, "dist_entropy": 0.03335054020086924, "actor_grad_norm": 0.07642681896686554, "critic_grad_norm": 0.28122279047966003, "ratio": 0.9999994039535522, "dead_ratio": 0.04620462046204621, "average_step_rewards": -0.2931506335735321, "eval_average_episode_rewards": 20.0, "eval_win_rate": 1.0, "_runtime": 24329.100168943405, "_step": 1999100, "_wandb": {"runtime": 24334}}