{"average_shape_value": 9.323287671232876, "_timestamp": 1716659264.6640594, "incre_win_rate": 0.5217391304347826, "value_loss": 0.11213182558616003, "policy_loss": -0.02234632846807744, "dist_entropy": 0.30950395464897157, "actor_grad_norm": 0.2681597173213959, "critic_grad_norm": 0.7966516613960266, "ratio": 0.9910433888435364, "dead_ratio": 0.14191419141914197, "average_step_rewards": 0.7271233201026917, "eval_average_episode_rewards": 20.0, "eval_win_rate": 1.0, "_runtime": 1228.5069344043732, "_step": 93400}