{"incre_win_rate": 0.0, "_timestamp": 1716972120.708558, "value_loss": 0.11070935477813085, "policy_loss": -0.040321511209155385, "dist_entropy": 0.8510371804237366, "actor_grad_norm": 0.5295923948287964, "critic_grad_norm": 0.7625253200531006, "ratio": 0.9941133856773376, "dead_ratio": 0.3267326732673267, "average_step_rewards": 0.4087499976158142, "eval_average_episode_rewards": 7.96875, "eval_win_rate": 0.0, "_runtime": 467.0241401195526, "_step": 18100}