{"incre_win_rate": 0.0, "_timestamp": 1716988978.8404808, "value_loss": 0.4805477797985077, "policy_loss": -0.0324716985654959, "dist_entropy": 0.321070530017217, "actor_grad_norm": 0.3733150362968445, "critic_grad_norm": 0.5492342710494995, "ratio": 0.9853010773658752, "dead_ratio": 0.35148514851485146, "average_step_rewards": -1.1934374570846558, "eval_average_episode_rewards": 1.5, "eval_win_rate": 0.0, "_runtime": 16707.54618191719, "_step": 641200, "cluster_avg_value": 1.321874976158142}