{"average_shape_value": 9.167123287671233, "_timestamp": 1716645220.9344873, "incre_win_rate": 0.1951219512195122, "value_loss": 0.12687125007311503, "policy_loss": -0.009687529474947354, "dist_entropy": 0.2981461524963379, "actor_grad_norm": 0.16419143974781036, "critic_grad_norm": 0.4232759475708008, "ratio": 0.9895216226577759, "dead_ratio": 0.24752475247524752, "average_step_rewards": 0.42191776633262634, "eval_average_episode_rewards": 20.0, "eval_win_rate": 1.0, "_runtime": 642.3133342266083, "_step": 50700}