{"incre_win_rate": 0.0975609756097561, "_timestamp": 1716399367.6741388, "value_loss": 0.042082923899094266, "policy_loss": -0.023115675167101793, "dist_entropy": 0.3104797422885895, "actor_grad_norm": 0.3334323763847351, "critic_grad_norm": 0.8475858569145203, "ratio": 0.9942253828048706, "dead_ratio": 0.3366336633663366, "reward_predicting_loss": 27.925500869750977, "shaping_weight": 0.9999833106994629, "average_step_rewards": 0.6812072992324829, "eval_average_episode_rewards": 7.9999999999999964, "eval_win_rate": 0.0, "_runtime": 939.0286548137665, "_step": 34100}