{"incre_win_rate": 0.0, "_timestamp": 1717219189.893597, "value_loss": 0.08103533585866292, "policy_loss": -0.02780541549086261, "dist_entropy": 0.3393672545750936, "actor_grad_norm": 0.29493042826652527, "critic_grad_norm": 0.6976542472839355, "ratio": 1.0259623527526855, "dead_ratio": 0.16831683168316836, "average_step_rewards": -0.9315067529678345, "eval_average_episode_rewards": 5.260273972602738, "eval_win_rate": 0.0, "_runtime": 2499.629980802536, "_step": 200100}