{"incre_win_rate": 0.11363636363636363, "_timestamp": 1716359583.5247345, "value_loss": 0.05999264493584633, "policy_loss": -0.02589824292058438, "dist_entropy": 0.8768269936243693, "actor_grad_norm": 0.35884830355644226, "critic_grad_norm": 1.0607645511627197, "ratio": 0.9970851540565491, "dead_ratio": 0.2904290429042904, "average_step_rewards": 0.28142738342285156, "eval_average_episode_rewards": 6.630136986301366, "eval_win_rate": 0.0, "_runtime": 86.11209654808044, "_step": 6100}