{"incre_win_rate": 0.9803921568627451, "_timestamp": 1717091780.367918, "value_loss": 0.011159028982122739, "policy_loss": -0.01958217766756813, "dist_entropy": 0.24038728972276052, "actor_grad_norm": 0.33256062865257263, "critic_grad_norm": 0.09065381437540054, "ratio": 0.9878554344177246, "dead_ratio": 0.0066006600660065695, "average_step_rewards": -0.1764383614063263, "eval_average_episode_rewards": 20.0, "eval_win_rate": 1.0, "_runtime": 26606.798726081848, "_step": 1164100}