{"incre_win_rate": 1.0, "_timestamp": 1716383654.4064715, "value_loss": 0.0004945182939991355, "policy_loss": -0.00014667031123328418, "dist_entropy": 0.1412297159433365, "actor_grad_norm": 0.5327509045600891, "critic_grad_norm": 0.023880451917648315, "ratio": 0.9998689889907837, "dead_ratio": 0.0066006600660065695, "average_step_rewards": 1.0569863319396973, "eval_average_episode_rewards": 8.328767123287669, "eval_win_rate": 0.0, "_runtime": 13799.862646579742, "_step": 999100, "_wandb": {"runtime": 13809}}