{"average_shape_value": 0.6986301369863013, "_timestamp": 1716662093.64796, "incre_win_rate": 0.0, "value_loss": 0.007141424963871638, "policy_loss": -0.024583787925041397, "dist_entropy": 0.6962740500768025, "actor_grad_norm": 0.35257741808891296, "critic_grad_norm": 0.1015816181898117, "ratio": 0.9981837272644043, "dead_ratio": 0.24422442244224418, "average_step_rewards": -0.705205500125885, "eval_average_episode_rewards": 5.315068493150685, "eval_win_rate": 0.0, "_runtime": 131.9237539768219, "_step": 9600}