{"incre_win_rate": 0.9591836734693877, "_timestamp": 1716293745.7709513, "value_loss": 0.013242606135706107, "policy_loss": -0.009370882387479955, "dist_entropy": 0.16758528252442678, "actor_grad_norm": 0.3303045332431793, "critic_grad_norm": 0.11011122912168503, "ratio": 0.9941236972808838, "dead_ratio": 0.03960396039603964, "reward_predicting_loss": 427.1960144042969, "average_step_rewards": 1.3310270309448242, "eval_average_episode_rewards": 20.0, "eval_win_rate": 1.0, "_runtime": 23939.84917616844, "_step": 1599100}