{"average_shape_value": 9.221917808219178, "_timestamp": 1716659265.3864594, "incre_win_rate": 0.4878048780487805, "value_loss": 0.32838687896728513, "policy_loss": -0.04453498128673677, "dist_entropy": 0.3665164271990458, "actor_grad_norm": 0.3553106486797333, "critic_grad_norm": 1.0338654518127441, "ratio": 0.9906562566757202, "dead_ratio": 0.23432343234323427, "average_step_rewards": 0.2931506931781769, "eval_average_episode_rewards": 6.301369863013697, "eval_win_rate": 0.0, "_runtime": 1229.2201652526855, "_step": 93300}