{"incre_win_rate": 0.0, "_timestamp": 1716452358.7388628, "value_loss": 0.40877254406611124, "policy_loss": -0.02756776976529309, "dist_entropy": 0.3054455598195394, "actor_grad_norm": 0.30868610739707947, "critic_grad_norm": 1.2108722925186157, "ratio": 0.9932733774185181, "dead_ratio": 0.17821782178217827, "reward_predicting_loss": 37.941017150878906, "shaping_weight": 1.0, "average_step_rewards": 0.24029286205768585, "eval_average_episode_rewards": 6.027397260273973, "eval_win_rate": 0.0, "_runtime": 2630.441891670227, "_step": 163100}