{"incre_win_rate": 0.10638297872340426, "_timestamp": 1716545126.23879, "value_loss": 0.028333621099591255, "policy_loss": -0.012943474048588163, "dist_entropy": 0.48878772457440695, "actor_grad_norm": 0.2830347418785095, "critic_grad_norm": 0.7708428502082825, "ratio": 0.9876327514648438, "dead_ratio": 0.20792079207920788, "average_step_rewards": -0.6130746603012085, "eval_average_episode_rewards": 5.9726027397260255, "eval_win_rate": 0.0, "_runtime": 255.62595510482788, "_step": 19100}