{"incre_win_rate": 0.16216216216216217, "_timestamp": 1717157864.5449047, "value_loss": 0.3873475174109141, "policy_loss": -0.02495703134326277, "dist_entropy": 0.3081981678803762, "actor_grad_norm": 0.3607358932495117, "critic_grad_norm": 1.465183138847351, "ratio": 0.9883309006690979, "dead_ratio": 0.2376237623762376, "average_step_rewards": 0.27726027369499207, "eval_average_episode_rewards": 4.328767123287671, "eval_win_rate": 0.0, "_runtime": 412.8148727416992, "_step": 33100}