{"average_shape_value": 0.30000000000391047, "_timestamp": 1716642914.9423475, "incre_win_rate": 0.0, "value_loss": 0.007657628195981185, "policy_loss": -0.04435278173793786, "dist_entropy": 0.629182247320811, "actor_grad_norm": 0.5646771788597107, "critic_grad_norm": 0.17153345048427582, "ratio": 0.9913610219955444, "dead_ratio": 0.11551155115511547, "average_step_rewards": -0.29205480217933655, "eval_average_episode_rewards": 4.0, "eval_win_rate": 0.0, "_runtime": 325.4380235671997, "_step": 24000}