{"incre_win_rate": 0.9811320754716981, "_timestamp": 1717182293.1393242, "value_loss": 0.020987412830193838, "policy_loss": -2.8819925240478976e-05, "dist_entropy": 0.06557457745075226, "actor_grad_norm": 0.24275681376457214, "critic_grad_norm": 0.0878022164106369, "ratio": 0.9999849200248718, "dead_ratio": 0.01320132013201325, "average_step_rewards": -0.1780821979045868, "eval_average_episode_rewards": 7.999999999999997, "eval_win_rate": 0.0, "_runtime": 24378.83227109909, "_step": 1999100, "_wandb": {"runtime": 24384}}