{"incre_win_rate": 0.5128205128205128, "_timestamp": 1716456879.2110617, "value_loss": 0.14197640269994735, "policy_loss": -0.034897373724586345, "dist_entropy": 0.3337635060151418, "actor_grad_norm": 0.31918254494667053, "critic_grad_norm": 0.6166396737098694, "ratio": 1.0017173290252686, "dead_ratio": 0.1914191419141914, "reward_predicting_loss": 22.196224212646484, "shaping_weight": 1.0, "average_step_rewards": 0.48239991068840027, "eval_average_episode_rewards": 7.342465753424658, "eval_win_rate": 0.0, "_runtime": 5092.727605819702, "_step": 319100}