{"incre_win_rate": 0.20408163265306123, "_timestamp": 1716545135.7593355, "value_loss": 0.14325639804204304, "policy_loss": -0.023570403609960464, "dist_entropy": 0.4600764830907186, "actor_grad_norm": 0.2915623188018799, "critic_grad_norm": 0.9191122055053711, "ratio": 0.9998146295547485, "dead_ratio": 0.1551155115511551, "average_step_rewards": -0.9312396049499512, "eval_average_episode_rewards": 20.0, "eval_win_rate": 1.0, "_runtime": 265.13531255722046, "_step": 20100}