{"incre_win_rate": 0.22641509433962265, "_timestamp": 1717093151.5010486, "value_loss": 0.15674919883410135, "policy_loss": -0.025120394729441862, "dist_entropy": 0.2804502745469411, "actor_grad_norm": 0.2929946482181549, "critic_grad_norm": 1.4607810974121094, "ratio": 1.010839819908142, "dead_ratio": 0.12211221122112215, "average_step_rewards": -0.7041097283363342, "eval_average_episode_rewards": 5.917808219178081, "eval_win_rate": 0.0, "_runtime": 1128.8233585357666, "_step": 73100}