{"incre_win_rate": 0.7619047619047619, "_timestamp": 1716452371.0611277, "value_loss": 0.1214937354127566, "policy_loss": -0.031093065441714293, "dist_entropy": 0.41782564322153726, "actor_grad_norm": 0.31959205865859985, "critic_grad_norm": 0.5174251794815063, "ratio": 1.0241663455963135, "dead_ratio": 0.02310231023102305, "reward_predicting_loss": 82.91051483154297, "shaping_weight": 1.0, "average_step_rewards": 1.1619724035263062, "eval_average_episode_rewards": 19.999999999999996, "eval_win_rate": 1.0, "_runtime": 2642.8376836776733, "_step": 162100}