{"incre_win_rate": 0.13636363636363635, "_timestamp": 1716245262.9416015, "value_loss": 0.2571634580691656, "policy_loss": -0.013760162283418875, "dist_entropy": 0.36576473315556846, "actor_grad_norm": 0.22622798383235931, "critic_grad_norm": 1.067583680152893, "ratio": 0.9968143701553345, "dead_ratio": 0.20792079207920788, "average_step_rewards": 0.5369862914085388, "eval_average_episode_rewards": 15.2, "eval_win_rate": 0.6, "_runtime": 253.83357954025269, "_step": 20100}