{"incre_win_rate": 0.7272727272727273, "_timestamp": 1716359110.621673, "value_loss": 0.045663965245087944, "policy_loss": -0.016391911613448922, "dist_entropy": 0.4232162555058797, "actor_grad_norm": 0.19770915806293488, "critic_grad_norm": 0.4713294506072998, "ratio": 1.002947211265564, "dead_ratio": 0.06930693069306926, "reward_predicting_loss": 398.41790771484375, "shaping_weight": 1.0, "average_step_rewards": 1.1582549810409546, "eval_average_episode_rewards": 20.0, "eval_win_rate": 1.0, "_runtime": 3927.4334061145782, "_step": 143100}