{"incre_win_rate": 0.4594594594594595, "_timestamp": 1716452353.206284, "value_loss": 0.15956746240456898, "policy_loss": -0.030058442166180064, "dist_entropy": 0.33571717540423074, "actor_grad_norm": 0.2929427921772003, "critic_grad_norm": 0.5054987668991089, "ratio": 1.0036983489990234, "dead_ratio": 0.2805280528052805, "reward_predicting_loss": 34.10496520996094, "shaping_weight": 1.0, "average_step_rewards": 0.5513392686843872, "eval_average_episode_rewards": 7.671232876712328, "eval_win_rate": 0.0, "_runtime": 2625.0149080753326, "_step": 158100}