{"average_shape_value": 1.7643835616438355, "_timestamp": 1716660680.739415, "incre_win_rate": 0.0, "value_loss": 0.015274010660747687, "policy_loss": -0.055248230301947504, "dist_entropy": 1.186476715405782, "actor_grad_norm": 0.5877249836921692, "critic_grad_norm": 0.39920616149902344, "ratio": 1.0033680200576782, "dead_ratio": 0.24752475247524752, "average_step_rewards": -0.7972602248191833, "eval_average_episode_rewards": 1.6438356164383563, "eval_win_rate": 0.0, "_runtime": 212.66828894615173, "_step": 16000}