{"incre_win_rate": 0.9772727272727273, "_timestamp": 1717054463.6106884, "value_loss": 0.006940955730775992, "policy_loss": -0.00614802007442113, "dist_entropy": 0.29923082391421, "actor_grad_norm": 0.25313296914100647, "critic_grad_norm": 0.12074416875839233, "ratio": 0.9927364587783813, "dead_ratio": 0.15841584158415845, "average_step_rewards": 0.6011999249458313, "eval_average_episode_rewards": 20.0, "eval_win_rate": 1.0, "_runtime": 18118.425025463104, "_step": 1506100}