{"incre_win_rate": 0.2916666666666667, "_timestamp": 1716295196.6712782, "value_loss": 0.31373631755510967, "policy_loss": -0.03411863440785178, "dist_entropy": 0.4137711306413015, "actor_grad_norm": 0.46076449751853943, "critic_grad_norm": 0.8145010471343994, "ratio": 0.9809660911560059, "dead_ratio": 0.12541254125412538, "reward_predicting_loss": 269.8177185058594, "shaping_weight": 1.0, "average_step_rewards": 0.8579569458961487, "eval_average_episode_rewards": 20.0, "eval_win_rate": 1.0, "_runtime": 1100.1022012233734, "_step": 71100}