{"average_shape_value": 6.750684931506851, "_timestamp": 1716645220.32866, "incre_win_rate": 0.4418604651162791, "value_loss": 0.1700175315141678, "policy_loss": -0.0291792715232963, "dist_entropy": 0.4393507421016693, "actor_grad_norm": 0.4141218364238739, "critic_grad_norm": 0.4293516278266907, "ratio": 1.0028934478759766, "dead_ratio": 0.19471947194719474, "average_step_rewards": 0.4465753138065338, "eval_average_episode_rewards": 7.9999999999999964, "eval_win_rate": 0.0, "_runtime": 641.6431810855865, "_step": 50800}