{"incre_win_rate": 0.851063829787234, "_timestamp": 1716359122.273187, "value_loss": 0.15040449897448221, "policy_loss": -0.00713423334845397, "dist_entropy": 0.18225055932998657, "actor_grad_norm": 0.13256746530532837, "critic_grad_norm": 0.42677539587020874, "ratio": 1.0068683624267578, "dead_ratio": 0.13531353135313529, "reward_predicting_loss": 526.6610717773438, "shaping_weight": 1.0, "average_step_rewards": 1.1140953302383423, "eval_average_episode_rewards": 20.0, "eval_win_rate": 1.0, "_runtime": 4225.413750886917, "_step": 156100}