{"incre_win_rate": 0.0, "_timestamp": 1716991791.423738, "value_loss": 0.009162188010911147, "policy_loss": -0.01635070248969015, "dist_entropy": 0.3950624465942383, "actor_grad_norm": 0.4127497375011444, "critic_grad_norm": 0.18399547040462494, "ratio": 0.996483325958252, "dead_ratio": 0.2838283828382838, "average_step_rewards": -0.6580821871757507, "eval_average_episode_rewards": 3.6164383561643834, "eval_win_rate": 0.0, "_runtime": 804.0066089630127, "_step": 30200, "cluster_avg_value": 0.783561646938324}