{"incre_win_rate": 0.9811320754716981, "_timestamp": 1716350527.4534106, "value_loss": 0.0006272817496210337, "policy_loss": -2.7324464796437315e-05, "dist_entropy": 0.10956669300794601, "actor_grad_norm": 0.41460350155830383, "critic_grad_norm": 0.023950038477778435, "ratio": 0.9999726414680481, "dead_ratio": 0.0, "reward_predicting_loss": 506.6793212890625, "shaping_weight": 0.0, "average_step_rewards": 1.009863018989563, "eval_average_episode_rewards": 7.342465753424655, "eval_win_rate": 0.0, "_runtime": 55344.29170250893, "_step": 1999100, "_wandb": {"runtime": 55358}}