{"incre_win_rate": 1.0, "_timestamp": 1717139348.5361385, "value_loss": 0.033800450960795085, "policy_loss": -2.25066590770003e-05, "dist_entropy": 0.0467438280582428, "actor_grad_norm": 0.2929593622684479, "critic_grad_norm": 0.2641558051109314, "ratio": 0.9999736547470093, "dead_ratio": 0.02970297029702973, "average_step_rewards": -0.31178078055381775, "eval_average_episode_rewards": 20.0, "eval_win_rate": 1.0, "_runtime": 46534.97614145279, "_step": 1999100, "_wandb": {"runtime": 46543}}