{"incre_win_rate": 0.14634146341463414, "_timestamp": 1716359585.2607617, "value_loss": 0.11256077686945597, "policy_loss": -0.027135080184271014, "dist_entropy": 0.6109444618225097, "actor_grad_norm": 0.362202525138855, "critic_grad_norm": 0.8990817666053772, "ratio": 0.9808596968650818, "dead_ratio": 0.2541254125412541, "average_step_rewards": 0.3091767430305481, "eval_average_episode_rewards": 20.0, "eval_win_rate": 1.0, "_runtime": 87.6124906539917, "_step": 6100}