{"incre_win_rate": 0.9787234042553191, "_timestamp": 1716373707.5825553, "value_loss": 0.0006136464265485605, "policy_loss": -0.00017580307752200022, "dist_entropy": 0.15123788714408876, "actor_grad_norm": 0.8227179050445557, "critic_grad_norm": 0.029322201386094093, "ratio": 0.9999943375587463, "dead_ratio": 0.0, "average_step_rewards": 0.9526122808456421, "eval_average_episode_rewards": 20.0, "eval_win_rate": 1.0, "_runtime": 14054.697778224945, "_step": 999100, "_wandb": {"runtime": 14073}}