{"incre_win_rate": 0.0, "_timestamp": 1716399772.7987266, "value_loss": 0.0731437012553215, "policy_loss": -0.04308720589430142, "dist_entropy": 1.3095510880152383, "actor_grad_norm": 0.4852761924266815, "critic_grad_norm": 1.4410465955734253, "ratio": 1.0022013187408447, "dead_ratio": 0.18811881188118806, "reward_predicting_loss": 14.139718055725098, "shaping_weight": 0.006692850962281227, "average_step_rewards": 0.2341027855873108, "eval_average_episode_rewards": 4.602739726027396, "eval_win_rate": 0.0, "_runtime": 73.02172064781189, "_step": 2100}