{"incre_win_rate": 0.0, "_timestamp": 1716988979.3838665, "value_loss": 0.013220369257032872, "policy_loss": -0.03818871164427643, "dist_entropy": 0.34754198988278706, "actor_grad_norm": 0.39210575819015503, "critic_grad_norm": 0.06138519197702408, "ratio": 1.0125266313552856, "dead_ratio": 0.31188118811881194, "average_step_rewards": -0.9546874761581421, "eval_average_episode_rewards": 2.8125, "eval_win_rate": 0.0, "_runtime": 16707.950821638107, "_step": 688900, "cluster_avg_value": 1.279687523841858}