{"incre_win_rate": 1.0, "_timestamp": 1716449694.9512408, "value_loss": 0.0004307422088459134, "policy_loss": -3.956738454640174e-05, "dist_entropy": 0.09736590435107549, "actor_grad_norm": 0.49505528807640076, "critic_grad_norm": 0.006949716713279486, "ratio": 0.9999898076057434, "dead_ratio": 0.0033003300330033403, "reward_predicting_loss": 395.6676940917969, "shaping_weight": 1.6860386382974138e-28, "average_step_rewards": 1.0197259187698364, "eval_average_episode_rewards": 20.0, "eval_win_rate": 1.0, "_runtime": 49606.40897774696, "_step": 1999100, "_wandb": {"runtime": 49614}}