{"average_shape_value": 1.516438356164383, "_timestamp": 1716643314.2791815, "incre_win_rate": 0.0, "value_loss": 0.04073461517691612, "policy_loss": -0.05647724854449431, "dist_entropy": 0.7425708174705505, "actor_grad_norm": 0.5447580218315125, "critic_grad_norm": 0.8016291260719299, "ratio": 0.993588924407959, "dead_ratio": 0.1815181518151815, "average_step_rewards": -1.8312329053878784, "eval_average_episode_rewards": 7.3424657534246585, "eval_win_rate": 0.0, "_runtime": 309.61569356918335, "_step": 22700}