{"average_shape_value": NaN, "_timestamp": 1716643384.687009, "incre_win_rate": 0.0, "value_loss": 0.8480847398440043, "policy_loss": -0.030926364748884556, "dist_entropy": 1.7312925338745118, "actor_grad_norm": 0.44078728556632996, "critic_grad_norm": 3.3575005531311035, "ratio": 1.00767982006073, "dead_ratio": 0.2178217821782178, "average_step_rewards": 0.049315065145492554, "eval_average_episode_rewards": 0.0, "eval_win_rate": 0.0, "_runtime": 17.337663173675537, "_step": 300, "_wandb": {"runtime": 17}}