{"incre_win_rate": 0.9433962264150944, "_timestamp": 1716520829.93851, "value_loss": 0.008987010332445304, "policy_loss": -4.656473801153046e-06, "dist_entropy": 0.0699939787387848, "actor_grad_norm": 0.13589806854724884, "critic_grad_norm": 0.21357713639736176, "ratio": 0.9999890923500061, "dead_ratio": 0.0, "average_step_rewards": -0.3172602355480194, "eval_average_episode_rewards": 20.0, "eval_win_rate": 1.0, "_runtime": 24347.58651304245, "_step": 1999100, "_wandb": {"runtime": 24357}}