{"average_shape_value": 0.25286002322692047, "_timestamp": 1716642554.0039587, "incre_win_rate": 0.0, "value_loss": 0.004636806466927131, "policy_loss": -0.03068990850517596, "dist_entropy": 1.306645925839742, "actor_grad_norm": 0.4291951060295105, "critic_grad_norm": 0.22404243052005768, "ratio": 1.0037134885787964, "dead_ratio": 0.2541254125412541, "average_step_rewards": -0.21410784125328064, "eval_average_episode_rewards": 2.6301369863013697, "eval_win_rate": 0.0, "_runtime": 47.5503888130188, "_step": 2500}