{"incre_win_rate": 1.0, "_timestamp": 1716445399.4133475, "value_loss": 0.00042854072720122837, "policy_loss": -2.25608874770226e-06, "dist_entropy": 0.04750873173276583, "actor_grad_norm": 0.26818788051605225, "critic_grad_norm": 0.0038814067374914885, "ratio": 1.0000054836273193, "dead_ratio": 0.0, "average_step_rewards": 1.1300506591796875, "eval_average_episode_rewards": 8.328767123287669, "eval_win_rate": 0.0, "_runtime": 45254.24993348122, "_step": 1999100, "_wandb": {"runtime": 45268}}