{"incre_win_rate": 0.0, "_timestamp": 1716399770.8940969, "value_loss": 0.22020565768082936, "policy_loss": -0.047969752380061216, "dist_entropy": 1.3006499608357747, "actor_grad_norm": 0.5541799068450928, "critic_grad_norm": 1.4664793014526367, "ratio": 0.9887233376502991, "dead_ratio": 0.38613861386138615, "reward_predicting_loss": 73.54965209960938, "shaping_weight": 0.006692850962281227, "average_step_rewards": 0.15431973338127136, "eval_average_episode_rewards": 20.0, "eval_win_rate": 1.0, "_runtime": 71.55384087562561, "_step": 2100}