{"incre_win_rate": 0.275, "_timestamp": 1716399372.0851, "value_loss": 0.4376196463902791, "policy_loss": -0.032489796238983834, "dist_entropy": 0.39490939378738404, "actor_grad_norm": 0.4361725449562073, "critic_grad_norm": 1.6223793029785156, "ratio": 0.9977530837059021, "dead_ratio": 0.19801980198019797, "reward_predicting_loss": 316.9217834472656, "shaping_weight": 0.9999833106994629, "average_step_rewards": 1.131300449371338, "eval_average_episode_rewards": 7.013698630136986, "eval_win_rate": 0.0, "_runtime": 943.2600820064545, "_step": 34100}