{"incre_win_rate": 0.0625, "_timestamp": 1716359576.6094608, "value_loss": 0.8987235069274903, "policy_loss": -0.03160610563276312, "dist_entropy": 0.8895784060160319, "actor_grad_norm": 0.4560529291629791, "critic_grad_norm": 2.8273940086364746, "ratio": 0.9910945892333984, "dead_ratio": 0.18481848184818483, "average_step_rewards": 0.4011273980140686, "eval_average_episode_rewards": 7.342465753424655, "eval_win_rate": 0.0, "_runtime": 79.17901992797852, "_step": 5100}