{"incre_win_rate": 0.23529411764705882, "_timestamp": 1717093148.456701, "value_loss": 0.16658921241760255, "policy_loss": -0.027726441617345544, "dist_entropy": 0.3089193602403005, "actor_grad_norm": 0.3422565758228302, "critic_grad_norm": 1.439219355583191, "ratio": 1.0120477676391602, "dead_ratio": 0.06600660066006603, "average_step_rewards": -1.5419178009033203, "eval_average_episode_rewards": 20.0, "eval_win_rate": 1.0, "_runtime": 1125.816498041153, "_step": 73100}