{"average_shape_value": 0.76986301369863, "_timestamp": 1716644545.0123143, "incre_win_rate": 0.0, "value_loss": 0.011434191775818666, "policy_loss": -0.026691649432980094, "dist_entropy": 0.6131473422050476, "actor_grad_norm": 0.36413130164146423, "critic_grad_norm": 0.1388913094997406, "ratio": 1.0040403604507446, "dead_ratio": 0.19471947194719474, "average_step_rewards": -0.6865752935409546, "eval_average_episode_rewards": 7.342465753424658, "eval_win_rate": 0.0, "_runtime": 305.4951844215393, "_step": 22800}