{"incre_win_rate": 0.3125, "_timestamp": 1717157431.1253178, "value_loss": 0.7784990231196086, "policy_loss": -0.03492060109373109, "dist_entropy": 0.3678417007128398, "actor_grad_norm": 0.32007133960723877, "critic_grad_norm": 0.9365660548210144, "ratio": 0.9912664890289307, "dead_ratio": 0.20792079207920788, "average_step_rewards": -0.8498629927635193, "eval_average_episode_rewards": 7.999999999999997, "eval_win_rate": 0.0, "_runtime": 1965.0667989253998, "_step": 154100}