{"incre_win_rate": 0.0, "_timestamp": 1716988978.5170045, "value_loss": 0.03338269169131915, "policy_loss": -0.0393846146120571, "dist_entropy": 0.34231057365735373, "actor_grad_norm": 0.36606547236442566, "critic_grad_norm": 0.5015693306922913, "ratio": 0.9994477033615112, "dead_ratio": 0.3205445544554455, "average_step_rewards": -1.1478124856948853, "eval_average_episode_rewards": 2.4375, "eval_win_rate": 0.0, "_runtime": 16706.98773241043, "_step": 691300, "cluster_avg_value": 1.232812523841858}