{"incre_win_rate": 0.0, "_timestamp": 1716545136.8451447, "value_loss": 0.003360041743144393, "policy_loss": -0.04446696890311106, "dist_entropy": 0.5951629718144734, "actor_grad_norm": 0.4553801417350769, "critic_grad_norm": 0.11358077079057693, "ratio": 0.9770665764808655, "dead_ratio": 0.14851485148514854, "average_step_rewards": -0.8720656037330627, "eval_average_episode_rewards": 5.589041095890408, "eval_win_rate": 0.0, "_runtime": 266.26107478141785, "_step": 20100}