{"average_shape_value": 1.6465753424657534, "_timestamp": 1716660680.8147697, "incre_win_rate": 0.0, "value_loss": 0.004349968256428837, "policy_loss": -0.016189145459724823, "dist_entropy": 0.2534876634677251, "actor_grad_norm": 0.16475410759449005, "critic_grad_norm": 0.15899716317653656, "ratio": 0.9985589385032654, "dead_ratio": 0.24422442244224418, "average_step_rewards": -0.6169862747192383, "eval_average_episode_rewards": 3.6164383561643834, "eval_win_rate": 0.0, "_runtime": 212.7369258403778, "_step": 15800}