{"incre_win_rate": 0.0, "_timestamp": 1717019433.9528172, "value_loss": 0.0005341631864818434, "policy_loss": -7.226011083695619e-05, "dist_entropy": 0.08319440732399623, "actor_grad_norm": 0.76626056432724, "critic_grad_norm": 0.041081659495830536, "ratio": 1.0000149011611938, "dead_ratio": 0.02970297029702973, "average_step_rewards": -5.7605485916137695, "eval_average_episode_rewards": 3.2876712328767126, "eval_win_rate": 0.0, "_runtime": 26522.591031312943, "_step": 2000000, "cluster_avg_value": 1.8547942638397217, "_wandb": {"runtime": 26522}}