{"incre_win_rate": 0.7317073170731707, "_timestamp": 1716456871.492256, "value_loss": 0.06628858993450801, "policy_loss": -0.026334517749003437, "dist_entropy": 0.3708957592646281, "actor_grad_norm": 0.25178250670433044, "critic_grad_norm": 0.41242241859436035, "ratio": 0.9914489984512329, "dead_ratio": 0.09900990099009899, "reward_predicting_loss": 54.18729019165039, "shaping_weight": 1.0, "average_step_rewards": 1.051834225654602, "eval_average_episode_rewards": 20.0, "eval_win_rate": 1.0, "_runtime": 5085.085027933121, "_step": 317100}