{"incre_win_rate": 0.32, "_timestamp": 1716545127.9135463, "value_loss": 0.12117342005173365, "policy_loss": -0.0213852496184258, "dist_entropy": 0.3386058131853739, "actor_grad_norm": 0.400775283575058, "critic_grad_norm": 0.5404117703437805, "ratio": 1.0003498792648315, "dead_ratio": 0.1815181518151815, "average_step_rewards": -1.1088340282440186, "eval_average_episode_rewards": 20.0, "eval_win_rate": 1.0, "_runtime": 257.2211754322052, "_step": 19100}