{"average_shape_value": 0.22576787794525371, "_timestamp": 1716642554.4607432, "incre_win_rate": 0.0, "value_loss": 0.07217427119612693, "policy_loss": -0.05235734453058261, "dist_entropy": 1.3639895915985107, "actor_grad_norm": 0.5054641962051392, "critic_grad_norm": 0.7889732718467712, "ratio": 0.9979771375656128, "dead_ratio": 0.44224422442244227, "average_step_rewards": -0.17817696928977966, "eval_average_episode_rewards": 2.3013698630136985, "eval_win_rate": 0.0, "_runtime": 47.832444190979004, "_step": 2500}