{"incre_win_rate": 1.0, "_timestamp": 1716373304.7111537, "value_loss": 0.007017362335075935, "policy_loss": -0.00015190467276653407, "dist_entropy": 0.14542482594648998, "actor_grad_norm": 0.7990180850028992, "critic_grad_norm": 0.048722103238105774, "ratio": 0.9999610185623169, "dead_ratio": 0.05280528052805278, "average_step_rewards": 0.9434493184089661, "eval_average_episode_rewards": 5.315068493150683, "eval_win_rate": 0.0, "_runtime": 13651.513788700104, "_step": 999100, "_wandb": {"runtime": 13667}}