{"incre_win_rate": 0.9387755102040817, "_timestamp": 1717054464.0234067, "value_loss": 0.23192449510097504, "policy_loss": -0.010080054835057339, "dist_entropy": 0.28677499492963154, "actor_grad_norm": 0.3342524766921997, "critic_grad_norm": 0.44948700070381165, "ratio": 1.0087915658950806, "dead_ratio": 0.11221122112211224, "average_step_rewards": 0.5475999712944031, "eval_average_episode_rewards": 20.0, "eval_win_rate": 1.0, "_runtime": 18118.83424282074, "_step": 1500100}