{"incre_win_rate": 0.0, "_timestamp": 1716399772.6263971, "value_loss": 0.15651679486036302, "policy_loss": -0.03713386139165754, "dist_entropy": 1.2131142775217691, "actor_grad_norm": 0.3784421980381012, "critic_grad_norm": 1.9060922861099243, "ratio": 0.9864624738693237, "dead_ratio": 0.18481848184818483, "reward_predicting_loss": 20.259639739990234, "shaping_weight": 0.006692850962281227, "average_step_rewards": 0.18161682784557343, "eval_average_episode_rewards": 2.6301369863013697, "eval_win_rate": 0.0, "_runtime": 72.97357106208801, "_step": 2100}