{"average_shape_value": 1.2164383561643837, "_timestamp": 1716660364.7177377, "incre_win_rate": 0.0, "value_loss": 0.01687898797293504, "policy_loss": -0.030751087698960334, "dist_entropy": 0.3904695113499959, "actor_grad_norm": 0.30335795879364014, "critic_grad_norm": 0.2781687378883362, "ratio": 0.9847972989082336, "dead_ratio": 0.13531353135313529, "average_step_rewards": -0.9353424310684204, "eval_average_episode_rewards": 5.9726027397260255, "eval_win_rate": 0.0, "_runtime": 1056.4979147911072, "_step": 78600}