{"incre_win_rate": 0.9811320754716981, "_timestamp": 1716355023.225306, "value_loss": 0.0010381090842808286, "policy_loss": -1.1281638292182095e-05, "dist_entropy": 0.09548517912626267, "actor_grad_norm": 0.26902472972869873, "critic_grad_norm": 0.011941606178879738, "ratio": 0.9999884366989136, "dead_ratio": 0.03300330033003296, "reward_predicting_loss": 412.7330322265625, "shaping_weight": 1.6860386382974138e-28, "average_step_rewards": 1.0, "eval_average_episode_rewards": 20.0, "eval_win_rate": 1.0, "_runtime": 59575.360270023346, "_step": 1999100, "_wandb": {"runtime": 59596}}