{"incre_win_rate": 0.8043478260869565, "_timestamp": 1716526299.5996542, "value_loss": 0.3087646226088206, "policy_loss": -0.02223717467344078, "dist_entropy": 0.23349422514438628, "actor_grad_norm": 0.296278715133667, "critic_grad_norm": 0.648851752281189, "ratio": 1.0257242918014526, "dead_ratio": 0.17491749174917492, "average_step_rewards": -1.2142466306686401, "eval_average_episode_rewards": 20.0, "eval_win_rate": 1.0, "_runtime": 2537.8988881111145, "_step": 207100}