{"incre_win_rate": 0.14285714285714285, "_timestamp": 1716524004.97024, "value_loss": 0.0442889263232549, "policy_loss": -0.026499499628941218, "dist_entropy": 0.4662476102511088, "actor_grad_norm": 0.3312826156616211, "critic_grad_norm": 0.6070939302444458, "ratio": 1.0094364881515503, "dead_ratio": 0.24422442244224418, "average_step_rewards": -1.4432876110076904, "eval_average_episode_rewards": 20.0, "eval_win_rate": 1.0, "_runtime": 243.26947402954102, "_step": 19100}