{"incre_win_rate": 0.5333333333333333, "_timestamp": 1716526029.9205956, "value_loss": 0.28936652541160585, "policy_loss": -0.029805466831010582, "dist_entropy": 0.220009246468544, "actor_grad_norm": 0.2644127309322357, "critic_grad_norm": 0.8655788898468018, "ratio": 0.966343879699707, "dead_ratio": 0.12541254125412538, "average_step_rewards": -1.388493299484253, "eval_average_episode_rewards": 20.0, "eval_win_rate": 1.0, "_runtime": 2268.219829559326, "_step": 185100}