{"incre_win_rate": 0.9803921568627451, "_timestamp": 1716540007.1299903, "value_loss": 0.010256429947912694, "policy_loss": -0.013042624524609418, "dist_entropy": 0.1659669578075409, "actor_grad_norm": 0.27980610728263855, "critic_grad_norm": 0.11915319412946701, "ratio": 0.9995887279510498, "dead_ratio": 0.00990099009900991, "average_step_rewards": -0.8010958433151245, "eval_average_episode_rewards": 6.684931506849313, "eval_win_rate": 0.0, "_runtime": 16245.4292242527, "_step": 1337100}