{"incre_win_rate": 1.0, "_timestamp": 1716355093.3825295, "value_loss": 0.00020477354701142758, "policy_loss": -2.7398945862996035e-05, "dist_entropy": 0.08182601282993952, "actor_grad_norm": 0.42868947982788086, "critic_grad_norm": 0.013123632408678532, "ratio": 0.9999927878379822, "dead_ratio": 0.0033003300330033403, "reward_predicting_loss": 516.6176147460938, "shaping_weight": 1.6860386382974138e-28, "average_step_rewards": 1.136986255645752, "eval_average_episode_rewards": 7.6712328767123275, "eval_win_rate": 0.0, "_runtime": 59645.474118471146, "_step": 1999100, "_wandb": {"runtime": 59664}}