{"incre_win_rate": 1.0, "_timestamp": 1716540006.0182655, "value_loss": 0.01480108518153429, "policy_loss": -0.01033035017132941, "dist_entropy": 0.16476228932539622, "actor_grad_norm": 0.24040170013904572, "critic_grad_norm": 0.1531410962343216, "ratio": 0.9989293813705444, "dead_ratio": 0.00990099009900991, "average_step_rewards": -0.5106849074363708, "eval_average_episode_rewards": 20.0, "eval_win_rate": 1.0, "_runtime": 16244.372579574585, "_step": 1314100}