{"incre_win_rate": 0.0, "_timestamp": 1716523998.9055676, "value_loss": 0.018660426264007886, "policy_loss": -0.04080441562814426, "dist_entropy": 0.5508648117383321, "actor_grad_norm": 0.43575480580329895, "critic_grad_norm": 0.26845574378967285, "ratio": 0.9874954223632812, "dead_ratio": 0.22442244224422447, "average_step_rewards": -2.7868492603302, "eval_average_episode_rewards": 7.013698630136987, "eval_win_rate": 0.0, "_runtime": 237.25988173484802, "_step": 18100}