{"incre_win_rate": 0.019230769230769232, "_timestamp": 1716526039.1736267, "value_loss": 0.006739783597489198, "policy_loss": -0.038239104182521515, "dist_entropy": 0.33479095896085104, "actor_grad_norm": 0.2921704947948456, "critic_grad_norm": 0.1425035446882248, "ratio": 1.0131949186325073, "dead_ratio": 0.16501650165016502, "average_step_rewards": -1.8991780281066895, "eval_average_episode_rewards": 5.260273972602739, "eval_win_rate": 0.0, "_runtime": 2277.527940750122, "_step": 181100}