{"incre_win_rate": 0.1346153846153846, "_timestamp": 1716526300.5766046, "value_loss": 0.1818355143070221, "policy_loss": -0.03371838449393607, "dist_entropy": 0.3183444420496623, "actor_grad_norm": 0.29278454184532166, "critic_grad_norm": 0.5196070075035095, "ratio": 0.9926357269287109, "dead_ratio": 0.1815181518151815, "average_step_rewards": -1.9298628568649292, "eval_average_episode_rewards": 6.958904109589039, "eval_win_rate": 0.0, "_runtime": 2538.9309186935425, "_step": 202100}