{"incre_win_rate": 0.5476190476190477, "_timestamp": 1716456877.0891976, "value_loss": 0.15014699796835582, "policy_loss": -0.015568807468428265, "dist_entropy": 0.28459397157033284, "actor_grad_norm": 0.25274574756622314, "critic_grad_norm": 0.2355143278837204, "ratio": 1.0051742792129517, "dead_ratio": 0.2376237623762376, "reward_predicting_loss": 30.984594345092773, "shaping_weight": 1.0, "average_step_rewards": 0.5597272515296936, "eval_average_episode_rewards": 7.342465753424658, "eval_win_rate": 0.0, "_runtime": 5090.742729663849, "_step": 318100}