{"incre_win_rate": 0.0, "_timestamp": 1716294054.4286177, "value_loss": 0.1345740596453349, "policy_loss": -0.03223373175703982, "dist_entropy": 1.4956397851308187, "actor_grad_norm": 0.45692455768585205, "critic_grad_norm": 1.5569276809692383, "ratio": 1.0001709461212158, "dead_ratio": 0.2541254125412541, "reward_predicting_loss": 10.763595581054688, "shaping_weight": 0.0, "average_step_rewards": 0.13479451835155487, "eval_average_episode_rewards": 3.9452054794520546, "eval_win_rate": 0.0, "_runtime": 28.284454822540283, "_step": 1100}