{"incre_win_rate": 0.0, "_timestamp": 1716991790.4179537, "value_loss": 0.011570660211145879, "policy_loss": -0.02703675396286515, "dist_entropy": 0.45196983019510906, "actor_grad_norm": 0.5001040697097778, "critic_grad_norm": 0.3346138298511505, "ratio": 1.006001353263855, "dead_ratio": 0.20132013201320131, "average_step_rewards": -0.8471233248710632, "eval_average_episode_rewards": 4.273972602739725, "eval_win_rate": 0.0, "_runtime": 802.9682047367096, "_step": 33900, "cluster_avg_value": 0.887671172618866}