{"average_shape_value": 1.3205479452054794, "_timestamp": 1716660680.4928505, "incre_win_rate": 0.0, "value_loss": 0.006244214515512188, "policy_loss": -0.02104566271513093, "dist_entropy": 0.5113975167274475, "actor_grad_norm": 0.34366628527641296, "critic_grad_norm": 0.4895826280117035, "ratio": 1.0087182521820068, "dead_ratio": 0.24752475247524752, "average_step_rewards": -0.8060274124145508, "eval_average_episode_rewards": 4.273972602739725, "eval_win_rate": 0.0, "_runtime": 212.4315984249115, "_step": 15700}