{"average_shape_value": 8.054794520547947, "_timestamp": 1716645219.9918642, "incre_win_rate": 0.18421052631578946, "value_loss": 0.07474279205004374, "policy_loss": -0.03828820110138512, "dist_entropy": 0.5626373410224914, "actor_grad_norm": 0.4072588384151459, "critic_grad_norm": 0.7393354773521423, "ratio": 1.0180522203445435, "dead_ratio": 0.2607260726072608, "average_step_rewards": 0.22684931755065918, "eval_average_episode_rewards": 6.3561643835616435, "eval_win_rate": 0.0, "_runtime": 641.244823217392, "_step": 50800}