{"incre_win_rate": 0.0, "_timestamp": 1717019521.2344284, "value_loss": 0.023099737366040547, "policy_loss": -0.00011371574117233033, "dist_entropy": 0.20730362832546234, "actor_grad_norm": 0.7811329364776611, "critic_grad_norm": 0.1353103220462799, "ratio": 0.9999934434890747, "dead_ratio": 0.05940594059405946, "average_step_rewards": -5.587944984436035, "eval_average_episode_rewards": 3.9452054794520546, "eval_win_rate": 0.0, "_runtime": 26609.85681247711, "_step": 2000000, "cluster_avg_value": 1.8383560180664062, "_wandb": {"runtime": 26609}}