{"incre_win_rate": 0.5365853658536586, "_timestamp": 1716399374.0961506, "value_loss": 0.28641486962636314, "policy_loss": -0.044592841910572646, "dist_entropy": 0.41730409661928813, "actor_grad_norm": 0.4188667833805084, "critic_grad_norm": 0.9102051854133606, "ratio": 0.9986664056777954, "dead_ratio": 0.05940594059405946, "reward_predicting_loss": 385.6529541015625, "shaping_weight": 0.9999898672103882, "average_step_rewards": 1.0204031467437744, "eval_average_episode_rewards": 20.0, "eval_win_rate": 1.0, "_runtime": 945.437828540802, "_step": 35100}