{"incre_win_rate": 0.95, "_timestamp": 1716269366.2967765, "value_loss": 0.3207719425360362, "policy_loss": -3.3812620700738685e-05, "dist_entropy": 0.2753418723742167, "actor_grad_norm": 0.7305364012718201, "critic_grad_norm": 1.3231662511825562, "ratio": 1.000031590461731, "dead_ratio": 0.07920792079207917, "average_step_rewards": 0.6701369285583496, "eval_average_episode_rewards": 20.0, "eval_win_rate": 1.0, "_runtime": 23851.585706472397, "_step": 1999100, "_wandb": {"runtime": 23860}}