{"incre_win_rate": 1.0, "_timestamp": 1716520762.289533, "value_loss": 0.007962378362814585, "policy_loss": -1.3581911739872036e-06, "dist_entropy": 0.021944439286986986, "actor_grad_norm": 0.07479984313249588, "critic_grad_norm": 0.12476638704538345, "ratio": 0.9999971985816956, "dead_ratio": 0.0, "average_step_rewards": -0.1698630303144455, "eval_average_episode_rewards": 20.0, "eval_win_rate": 1.0, "_runtime": 24279.844873905182, "_step": 1999100, "_wandb": {"runtime": 24290}}