{"incre_win_rate": 0.0, "_timestamp": 1716295405.0768678, "value_loss": 0.22918261190255482, "policy_loss": -0.04602952466522288, "dist_entropy": 1.338306991259257, "actor_grad_norm": 0.45533132553100586, "critic_grad_norm": 1.809985876083374, "ratio": 1.0148985385894775, "dead_ratio": 0.26732673267326734, "reward_predicting_loss": 23.878284454345703, "shaping_weight": 0.00407013762742281, "average_step_rewards": 0.03475359082221985, "eval_average_episode_rewards": 0.0, "eval_win_rate": 0.0, "_runtime": 46.33176589012146, "_step": 1100}