{"average_shape_value": 0.547945205479452, "_timestamp": 1716662093.072784, "incre_win_rate": 0.0, "value_loss": 0.017667968633274238, "policy_loss": -0.05018775415424723, "dist_entropy": 0.9940498272577921, "actor_grad_norm": 0.5489036440849304, "critic_grad_norm": 0.16173392534255981, "ratio": 1.0018584728240967, "dead_ratio": 0.20792079207920788, "average_step_rewards": -0.6356164813041687, "eval_average_episode_rewards": 4.273972602739725, "eval_win_rate": 0.0, "_runtime": 131.3537130355835, "_step": 9500}