{"incre_win_rate": 1.0, "_timestamp": 1717138538.1841083, "value_loss": 0.004479189186046521, "policy_loss": -1.3213475646978168e-05, "dist_entropy": 0.03243372042973836, "actor_grad_norm": 0.2688118517398834, "critic_grad_norm": 0.04115207865834236, "ratio": 0.9999921917915344, "dead_ratio": 0.0, "average_step_rewards": -0.28876712918281555, "eval_average_episode_rewards": 20.0, "eval_win_rate": 1.0, "_runtime": 45724.5559592247, "_step": 1999100, "_wandb": {"runtime": 45735}}