{"incre_win_rate": 0.0, "_timestamp": 1716988979.6884553, "value_loss": 0.010393528702358405, "policy_loss": -0.033971601031559356, "dist_entropy": 0.2936042547225952, "actor_grad_norm": 0.36874374747276306, "critic_grad_norm": 0.08498135209083557, "ratio": 0.9946622848510742, "dead_ratio": 0.23514851485148514, "average_step_rewards": -1.121250033378601, "eval_average_episode_rewards": 2.4375, "eval_win_rate": 0.0, "_runtime": 16708.255502462387, "_step": 637900, "cluster_avg_value": 1.126562476158142}