{"incre_win_rate": 0.0, "_timestamp": 1716295219.4973722, "value_loss": 0.0421717847386996, "policy_loss": -0.02840745848827524, "dist_entropy": 0.4646697759628296, "actor_grad_norm": 0.5809130072593689, "critic_grad_norm": 0.4760541617870331, "ratio": 1.0057463645935059, "dead_ratio": 0.46864686468646866, "reward_predicting_loss": 22.52156639099121, "shaping_weight": 1.0, "average_step_rewards": 0.5064469575881958, "eval_average_episode_rewards": 4.273972602739725, "eval_win_rate": 0.0, "_runtime": 1122.5343871116638, "_step": 73100}