{"incre_win_rate": 0.0, "_timestamp": 1716991791.6736119, "value_loss": 0.009944914157191913, "policy_loss": -0.012728177719169646, "dist_entropy": 0.27152976393699646, "actor_grad_norm": 0.19465187191963196, "critic_grad_norm": 0.027454769238829613, "ratio": 1.0002349615097046, "dead_ratio": 0.29372937293729373, "average_step_rewards": -1.1216439008712769, "eval_average_episode_rewards": 3.2876712328767126, "eval_win_rate": 0.0, "_runtime": 804.3209798336029, "_step": 33600, "cluster_avg_value": 1.1506848335266113}