{"incre_win_rate": 0.0, "_timestamp": 1716642474.0698981, "value_loss": 0.007149090338498354, "policy_loss": -0.044727353064025505, "dist_entropy": 0.4196222186088562, "actor_grad_norm": 0.383157879114151, "critic_grad_norm": 0.23079147934913635, "ratio": 0.992668628692627, "dead_ratio": 0.2805280528052805, "average_step_rewards": -1.2252055406570435, "eval_average_episode_rewards": 2.958904109589041, "eval_win_rate": 0.0, "_runtime": 1970.0512871742249, "_step": 158100, "average_shape_value": 2.2986301369863016}