{"incre_win_rate": 0.20588235294117646, "_timestamp": 1716992754.069596, "value_loss": 0.048357405016819635, "policy_loss": -0.03560816756095543, "dist_entropy": 0.33372846444447835, "actor_grad_norm": 0.3344613313674927, "critic_grad_norm": 0.23570847511291504, "ratio": 1.00436532497406, "dead_ratio": 0.27722772277227725, "average_step_rewards": 0.3943749964237213, "eval_average_episode_rewards": 8.5625, "eval_win_rate": 0.0, "_runtime": 20491.298211097717, "_step": 868100}