{"incre_win_rate": 1.0, "_timestamp": 1717182186.0226269, "value_loss": 0.020854981243610383, "policy_loss": -3.0209506335957908e-05, "dist_entropy": 0.05046818951765696, "actor_grad_norm": 0.37195372581481934, "critic_grad_norm": 0.03981117531657219, "ratio": 0.9999927282333374, "dead_ratio": 0.01650165016501648, "average_step_rewards": -0.15013697743415833, "eval_average_episode_rewards": 20.0, "eval_win_rate": 1.0, "_runtime": 24271.824954986572, "_step": 1999100, "_wandb": {"runtime": 24276}}