{"average_shape_value": 0.7643835616438354, "_timestamp": 1716662093.6787775, "incre_win_rate": 0.0, "value_loss": 0.021085254723827045, "policy_loss": -0.030476471462725904, "dist_entropy": 0.7463988065719604, "actor_grad_norm": 0.5393274426460266, "critic_grad_norm": 0.1606716513633728, "ratio": 0.9952710270881653, "dead_ratio": 0.2178217821782178, "average_step_rewards": -0.6394520998001099, "eval_average_episode_rewards": 4.657534246575342, "eval_win_rate": 0.0, "_runtime": 131.954918384552, "_step": 9600}