{"average_shape_value": 2.2684931507064876, "_timestamp": 1716642914.486405, "incre_win_rate": 0.04081632653061224, "value_loss": 0.03449004280070464, "policy_loss": -0.04029388709773739, "dist_entropy": 0.7004814505577087, "actor_grad_norm": 0.42358747124671936, "critic_grad_norm": 0.25518855452537537, "ratio": 0.9964609146118164, "dead_ratio": 0.1914191419141914, "average_step_rewards": -4.181643962860107, "eval_average_episode_rewards": 5.315068493150685, "eval_win_rate": 0.0, "_runtime": 324.7073619365692, "_step": 24300}