{"incre_win_rate": 1.0, "_timestamp": 1717139323.755815, "value_loss": 0.001633566664531827, "policy_loss": -4.562483888056098e-06, "dist_entropy": 0.08724797517061234, "actor_grad_norm": 0.15654806792736053, "critic_grad_norm": 0.05238540098071098, "ratio": 1.000000238418579, "dead_ratio": 0.0, "average_step_rewards": 1.009863018989563, "eval_average_episode_rewards": 20.0, "eval_win_rate": 1.0, "_runtime": 46125.837225914, "_step": 1999100, "_wandb": {"runtime": 46138}}