{"incre_win_rate": 0.11940298507462686, "_timestamp": 1716245260.5861576, "value_loss": 0.024713330840071043, "policy_loss": -0.03145399497711357, "dist_entropy": 0.5876838445663453, "actor_grad_norm": 0.3076545000076294, "critic_grad_norm": 0.38299164175987244, "ratio": 0.9970636963844299, "dead_ratio": 0.27722772277227725, "average_step_rewards": 0.22520548105239868, "eval_average_episode_rewards": 12.471232876712325, "eval_win_rate": 0.4, "_runtime": 251.48349356651306, "_step": 20100}