{"average_shape_value": 2.7616438356164386, "_timestamp": 1716644543.9268804, "incre_win_rate": 0.0, "value_loss": 0.2779073397318522, "policy_loss": -0.033650806146450545, "dist_entropy": 0.8059820214907328, "actor_grad_norm": 0.5785218477249146, "critic_grad_norm": 1.7359955310821533, "ratio": 1.0107753276824951, "dead_ratio": 0.24422442244224418, "average_step_rewards": -3.501917839050293, "eval_average_episode_rewards": 1.6438356164383563, "eval_win_rate": 0.0, "_runtime": 304.4393644332886, "_step": 22800}