{"average_shape_value": 0.19300270130614033, "_timestamp": 1716642554.4351654, "incre_win_rate": 0.0, "value_loss": 0.01971397822101911, "policy_loss": -0.0491568944018464, "dist_entropy": 1.332783031463623, "actor_grad_norm": 0.481213241815567, "critic_grad_norm": 0.3076254725456238, "ratio": 1.0171247720718384, "dead_ratio": 0.3267326732673267, "average_step_rewards": -0.17844989895820618, "eval_average_episode_rewards": 0.0, "eval_win_rate": 0.0, "_runtime": 47.97856950759888, "_step": 2500}