{"incre_win_rate": 0.08695652173913043, "_timestamp": 1716359584.9617581, "value_loss": 0.721048641204834, "policy_loss": -0.040333091890684854, "dist_entropy": 0.7726852218310039, "actor_grad_norm": 0.4381066858768463, "critic_grad_norm": 2.4934096336364746, "ratio": 0.9990652203559875, "dead_ratio": 0.1452145214521452, "average_step_rewards": 0.55819171667099, "eval_average_episode_rewards": 20.0, "eval_win_rate": 1.0, "_runtime": 87.31529712677002, "_step": 6100}