{"incre_win_rate": 0.09068627450980392, "_timestamp": 1716245258.6223722, "value_loss": 0.05306377212206523, "policy_loss": -0.05081329636053671, "dist_entropy": 0.6959907293319703, "actor_grad_norm": 0.44462233781814575, "critic_grad_norm": 0.7719411849975586, "ratio": 1.0030741691589355, "dead_ratio": 0.17821782178217827, "average_step_rewards": 0.232876718044281, "eval_average_episode_rewards": 11.66027397260274, "eval_win_rate": 0.4, "_runtime": 249.52126026153564, "_step": 20100}