{"incre_win_rate": 0.2, "_timestamp": 1716295201.5930252, "value_loss": 0.3106415649255117, "policy_loss": -0.031015289620212893, "dist_entropy": 0.33494991858800255, "actor_grad_norm": 0.33778056502342224, "critic_grad_norm": 0.891415536403656, "ratio": 1.0091893672943115, "dead_ratio": 0.23432343234323427, "reward_predicting_loss": 18.626909255981445, "shaping_weight": 1.0, "average_step_rewards": 0.3261297047138214, "eval_average_episode_rewards": 7.013698630136985, "eval_win_rate": 0.0, "_runtime": 1104.644748210907, "_step": 70100}