{"incre_win_rate": 0.0, "_timestamp": 1716642474.6288896, "value_loss": 0.03190183999637763, "policy_loss": -0.017625428397898327, "dist_entropy": 0.6345874508221944, "actor_grad_norm": 0.2558687627315521, "critic_grad_norm": 0.08654090762138367, "ratio": 1.0149739980697632, "dead_ratio": 0.2541254125412541, "average_step_rewards": -1.3279451131820679, "eval_average_episode_rewards": 3.2876712328767126, "eval_win_rate": 0.0, "_runtime": 1970.6327166557312, "_step": 154800, "average_shape_value": 1.8027397260273976}