{"incre_win_rate": 0.0, "_timestamp": 1717019196.0462568, "value_loss": 0.05223825921614965, "policy_loss": -4.345575999309404e-06, "dist_entropy": 0.20682844519615173, "actor_grad_norm": 0.22039209306240082, "critic_grad_norm": 0.29680246114730835, "ratio": 0.9999982714653015, "dead_ratio": 0.1089108910891089, "average_step_rewards": -7.367123126983643, "eval_average_episode_rewards": 4.273972602739725, "eval_win_rate": 0.0, "_runtime": 26284.68496966362, "_step": 2000000, "cluster_avg_value": 1.8958899974822998, "_wandb": {"runtime": 26284}}