{"average_shape_value": 8.73972602739726, "_timestamp": 1716657986.4341025, "incre_win_rate": 0.9767441860465116, "value_loss": 0.003952900413423777, "policy_loss": -0.01933795487800367, "dist_entropy": 0.31316816806793213, "actor_grad_norm": 0.32339367270469666, "critic_grad_norm": 0.08392998576164246, "ratio": 0.9932393431663513, "dead_ratio": 0.09240924092409242, "average_step_rewards": 0.9232877492904663, "eval_average_episode_rewards": 20.0, "eval_win_rate": 1.0, "_runtime": 12714.010301589966, "_step": 1018600}