{"incre_win_rate": 0.9818181818181818, "_timestamp": 1716520788.234799, "value_loss": 0.004569493823995193, "policy_loss": -1.5022762866874947e-06, "dist_entropy": 0.03457016721367836, "actor_grad_norm": 0.07755059003829956, "critic_grad_norm": 0.02218659408390522, "ratio": 0.9999973177909851, "dead_ratio": 0.0033003300330033403, "average_step_rewards": -0.2504109740257263, "eval_average_episode_rewards": 20.0, "eval_win_rate": 1.0, "_runtime": 24305.880118846893, "_step": 1999100, "_wandb": {"runtime": 24314}}