{"incre_win_rate": 0.0, "_timestamp": 1716359118.178139, "value_loss": 0.0038550437117616334, "policy_loss": -0.02079611890151032, "dist_entropy": 0.2109837015469869, "actor_grad_norm": 0.2105424404144287, "critic_grad_norm": 0.07001088559627533, "ratio": 0.9944556355476379, "dead_ratio": 0.5379537953795379, "reward_predicting_loss": 19.133132934570312, "shaping_weight": 1.0, "average_step_rewards": 0.3893783986568451, "eval_average_episode_rewards": 2.6301369863013697, "eval_win_rate": 0.0, "_runtime": 3935.0470468997955, "_step": 145100}