{"incre_win_rate": 0.0, "_timestamp": 1716295406.6528373, "value_loss": 0.330827925602595, "policy_loss": -0.02868259759096716, "dist_entropy": 1.3776094992955525, "actor_grad_norm": 0.5246527791023254, "critic_grad_norm": 2.0800132751464844, "ratio": 0.9985817670822144, "dead_ratio": 0.23432343234323427, "reward_predicting_loss": 35.51508331298828, "shaping_weight": 0.00407013762742281, "average_step_rewards": 0.17955145239830017, "eval_average_episode_rewards": 4.6575342465753415, "eval_win_rate": 0.0, "_runtime": 47.565261363983154, "_step": 1100}