{"incre_win_rate": 0.0, "_timestamp": 1717019232.359749, "value_loss": 0.007620762878408034, "policy_loss": -1.4246304920106922e-05, "dist_entropy": 0.07840906629959742, "actor_grad_norm": 0.28337952494621277, "critic_grad_norm": 0.08521991968154907, "ratio": 0.9999852776527405, "dead_ratio": 0.06270627062706269, "average_step_rewards": -5.650411605834961, "eval_average_episode_rewards": 2.958904109589041, "eval_win_rate": 0.0, "_runtime": 26321.003956079483, "_step": 2000000, "cluster_avg_value": 1.8602737188339233, "_wandb": {"runtime": 26320}}