{"average_shape_value": 0.8767123287671232, "_timestamp": 1716644544.697669, "incre_win_rate": 0.0, "value_loss": 0.02208959460258484, "policy_loss": -0.04147839513627645, "dist_entropy": 0.5968831499417623, "actor_grad_norm": 0.45776814222335815, "critic_grad_norm": 0.2637065351009369, "ratio": 0.9953089356422424, "dead_ratio": 0.24092409240924095, "average_step_rewards": -0.7621918320655823, "eval_average_episode_rewards": 5.643835616438355, "eval_win_rate": 0.0, "_runtime": 305.195837020874, "_step": 22700}