{"incre_win_rate": 0.0, "_timestamp": 1716991790.4790003, "value_loss": 0.024372894068559012, "policy_loss": -0.01361143141282118, "dist_entropy": 0.29058451652526857, "actor_grad_norm": 0.23334617912769318, "critic_grad_norm": 0.243323415517807, "ratio": 0.984724760055542, "dead_ratio": 0.22112211221122113, "average_step_rewards": -0.47999998927116394, "eval_average_episode_rewards": 3.9452054794520546, "eval_win_rate": 0.0, "_runtime": 803.1759324073792, "_step": 34300, "cluster_avg_value": 0.6986302137374878}