{"incre_win_rate": 0.0, "_timestamp": 1716972161.460409, "value_loss": 0.014207350773115952, "policy_loss": -0.041701130082769565, "dist_entropy": 0.7452847441037496, "actor_grad_norm": 0.5226775407791138, "critic_grad_norm": 0.2242405116558075, "ratio": 1.0198826789855957, "dead_ratio": 0.2883663366336634, "average_step_rewards": -0.984375, "eval_average_episode_rewards": 6.25, "eval_win_rate": 0.0, "_runtime": 622.0127129554749, "_step": 26700, "cluster_avg_value": 1.265625}