{"incre_win_rate": 1.0, "_timestamp": 1717138553.6877854, "value_loss": 0.02336199643711249, "policy_loss": -1.8190171469711914e-05, "dist_entropy": 0.06490654597679774, "actor_grad_norm": 0.32498639822006226, "critic_grad_norm": 0.15192101895809174, "ratio": 0.999989926815033, "dead_ratio": 0.02310231023102305, "average_step_rewards": -0.268493115901947, "eval_average_episode_rewards": 20.0, "eval_win_rate": 1.0, "_runtime": 45740.06410932541, "_step": 1999100, "_wandb": {"runtime": 45749}}