{"incre_win_rate": 0.05660377358490566, "_timestamp": 1716545135.9802213, "value_loss": 0.01223602294921875, "policy_loss": -0.026316182268523686, "dist_entropy": 0.45022395451863606, "actor_grad_norm": 0.28355056047439575, "critic_grad_norm": 0.2835138738155365, "ratio": 0.9899637699127197, "dead_ratio": 0.20792079207920788, "average_step_rewards": -0.8035401105880737, "eval_average_episode_rewards": 20.0, "eval_win_rate": 1.0, "_runtime": 265.40496015548706, "_step": 20100}