{"average_shape_value": 1.2, "_timestamp": 1716662093.969268, "incre_win_rate": 0.0, "value_loss": 0.017989665145675342, "policy_loss": -0.039510697308513795, "dist_entropy": 0.7935642083485921, "actor_grad_norm": 0.385811448097229, "critic_grad_norm": 0.3949732482433319, "ratio": 1.0071277618408203, "dead_ratio": 0.19801980198019797, "average_step_rewards": -0.6586301326751709, "eval_average_episode_rewards": 5.260273972602739, "eval_win_rate": 0.0, "_runtime": 132.2455539703369, "_step": 9600}