{"average_shape_value": 1.356164383561644, "_timestamp": 1716660679.9951148, "incre_win_rate": 0.0, "value_loss": 0.07324579854806264, "policy_loss": -0.015701731912101852, "dist_entropy": 0.5241771181424458, "actor_grad_norm": 0.28596365451812744, "critic_grad_norm": 0.6304774880409241, "ratio": 0.9998458623886108, "dead_ratio": 0.2607260726072608, "average_step_rewards": -0.8591780662536621, "eval_average_episode_rewards": 3.2876712328767126, "eval_win_rate": 0.0, "_runtime": 211.93510580062866, "_step": 15900}