{"incre_win_rate": 1.0, "_timestamp": 1717182101.9411964, "value_loss": 0.06742646594842275, "policy_loss": -1.9717931541644398e-05, "dist_entropy": 0.10356831500927607, "actor_grad_norm": 0.25357455015182495, "critic_grad_norm": 0.32704803347587585, "ratio": 1.000006079673767, "dead_ratio": 0.0, "average_step_rewards": -0.14191780984401703, "eval_average_episode_rewards": 20.0, "eval_win_rate": 1.0, "_runtime": 24187.631650447845, "_step": 1999100, "_wandb": {"runtime": 24197}}