{"incre_win_rate": 1.0, "_timestamp": 1717182294.6514008, "value_loss": 0.013425928292175133, "policy_loss": -1.1824170131428484e-05, "dist_entropy": 0.032013499985138576, "actor_grad_norm": 0.24152052402496338, "critic_grad_norm": 0.02383323572576046, "ratio": 1.0000015497207642, "dead_ratio": 0.00990099009900991, "average_step_rewards": -0.3473972678184509, "eval_average_episode_rewards": 20.0, "eval_win_rate": 1.0, "_runtime": 24380.297838687897, "_step": 1999100, "_wandb": {"runtime": 24385}}