{"incre_win_rate": 0.9361702127659575, "_timestamp": 1716293742.1121013, "value_loss": 0.02673879750072956, "policy_loss": -0.0019082328171916648, "dist_entropy": 0.07084851115942001, "actor_grad_norm": 0.10517170280218124, "critic_grad_norm": 0.39261046051979065, "ratio": 0.9975319504737854, "dead_ratio": 0.04620462046204621, "reward_predicting_loss": 514.9974365234375, "average_step_rewards": 1.3632723093032837, "eval_average_episode_rewards": 20.0, "eval_win_rate": 1.0, "_runtime": 23936.142614364624, "_step": 1557100}