{"average_shape_value": 0.91095890386416, "_timestamp": 1716643315.229365, "incre_win_rate": 0.0, "value_loss": 0.11486683239539465, "policy_loss": -0.04536378282424624, "dist_entropy": 0.6667929609616597, "actor_grad_norm": 0.48242098093032837, "critic_grad_norm": 0.6399951577186584, "ratio": 1.0096384286880493, "dead_ratio": 0.24422442244224418, "average_step_rewards": -0.41205480694770813, "eval_average_episode_rewards": 5.643835616438355, "eval_win_rate": 0.0, "_runtime": 310.5364980697632, "_step": 22600}