{"incre_win_rate": 0.0, "_timestamp": 1716399775.063664, "value_loss": 0.1049327959616979, "policy_loss": -0.025044151440870386, "dist_entropy": 1.1057927370071412, "actor_grad_norm": 0.385896772146225, "critic_grad_norm": 1.4012556076049805, "ratio": 0.9914827942848206, "dead_ratio": 0.2277227722772277, "reward_predicting_loss": 16.82440948486328, "shaping_weight": 0.006692850962281227, "average_step_rewards": 0.2771112620830536, "eval_average_episode_rewards": 7.342465753424658, "eval_win_rate": 0.0, "_runtime": 75.34994292259216, "_step": 2100}