{"incre_win_rate": 1.0, "_timestamp": 1716373752.9845028, "value_loss": 0.002334870817139745, "policy_loss": -9.436234635463355e-05, "dist_entropy": 0.0861399586002032, "actor_grad_norm": 0.4707314670085907, "critic_grad_norm": 0.05009547248482704, "ratio": 1.0000057220458984, "dead_ratio": 0.03300330033003296, "average_step_rewards": 0.9867369532585144, "eval_average_episode_rewards": 20.0, "eval_win_rate": 1.0, "_runtime": 14099.964596748352, "_step": 999100, "_wandb": {"runtime": 14115}}