{"incre_win_rate": 0.5128205128205128, "_timestamp": 1716359101.5444887, "value_loss": 0.19951731860637664, "policy_loss": -0.025412261586582476, "dist_entropy": 0.4880428731441498, "actor_grad_norm": 0.31575900316238403, "critic_grad_norm": 0.6189520359039307, "ratio": 0.9901135563850403, "dead_ratio": 0.07590759075907594, "reward_predicting_loss": 405.18359375, "shaping_weight": 1.0, "average_step_rewards": 1.2248327732086182, "eval_average_episode_rewards": 20.0, "eval_win_rate": 1.0, "_runtime": 3918.475621700287, "_step": 143100}