{"incre_win_rate": 0.9629629629629629, "_timestamp": 1716520872.051982, "value_loss": 0.003003490824873249, "policy_loss": -1.5992979858895732e-05, "dist_entropy": 0.03669637118776639, "actor_grad_norm": 0.2743256688117981, "critic_grad_norm": 0.023944566026329994, "ratio": 1.0000005960464478, "dead_ratio": 0.0066006600660065695, "average_step_rewards": -1.2339725494384766, "eval_average_episode_rewards": 20.0, "eval_win_rate": 1.0, "_runtime": 24389.70454096794, "_step": 1999100, "_wandb": {"runtime": 24395}}