{"incre_win_rate": 0.0, "_timestamp": 1716295207.568119, "value_loss": 0.012170225319763025, "policy_loss": -0.05175311720800438, "dist_entropy": 0.6809454242388407, "actor_grad_norm": 0.4305478632450104, "critic_grad_norm": 0.24843716621398926, "ratio": 1.0132251977920532, "dead_ratio": 0.3168316831683168, "reward_predicting_loss": 40.23943328857422, "shaping_weight": 1.0, "average_step_rewards": 0.6147463917732239, "eval_average_episode_rewards": 1.6438356164383563, "eval_win_rate": 0.0, "_runtime": 1111.0227949619293, "_step": 73100}