{"incre_win_rate": 0.0, "_timestamp": 1716990686.8604522, "value_loss": 0.0050097635015845295, "policy_loss": -0.022179726217859397, "dist_entropy": 0.2880771299203237, "actor_grad_norm": 0.2572568953037262, "critic_grad_norm": 0.11216948926448822, "ratio": 0.9899005889892578, "dead_ratio": 0.25742574257425743, "average_step_rewards": -1.1775343418121338, "eval_average_episode_rewards": 3.6164383561643834, "eval_win_rate": 0.0, "_runtime": 886.187420129776, "_step": 41800, "cluster_avg_value": 1.3068492412567139}