{"incre_win_rate": 0.631578947368421, "_timestamp": 1716359107.9646873, "value_loss": 0.1177957425514857, "policy_loss": -0.025724711096038414, "dist_entropy": 0.3497283935546875, "actor_grad_norm": 0.1951758861541748, "critic_grad_norm": 0.342393159866333, "ratio": 1.0194108486175537, "dead_ratio": 0.17161716171617158, "reward_predicting_loss": 384.3459777832031, "shaping_weight": 1.0, "average_step_rewards": 0.8141171932220459, "eval_average_episode_rewards": 19.999999999999996, "eval_win_rate": 1.0, "_runtime": 4211.094747304916, "_step": 162100}