{"incre_win_rate": 0.35555555555555557, "_timestamp": 1717157869.8294125, "value_loss": 0.36299818754196167, "policy_loss": -0.038691373011197426, "dist_entropy": 0.37209681471188866, "actor_grad_norm": 0.3887135088443756, "critic_grad_norm": 1.3967410326004028, "ratio": 0.9948945045471191, "dead_ratio": 0.17821782178217827, "average_step_rewards": 0.4027397036552429, "eval_average_episode_rewards": 20.0, "eval_win_rate": 1.0, "_runtime": 418.00146651268005, "_step": 32100}