{"incre_win_rate": 0.6590909090909091, "_timestamp": 1716452358.4101655, "value_loss": 0.08682285994291306, "policy_loss": -0.02128168541744486, "dist_entropy": 0.3246774872144063, "actor_grad_norm": 0.20844033360481262, "critic_grad_norm": 0.35420942306518555, "ratio": 0.9859479069709778, "dead_ratio": 0.14851485148514854, "reward_predicting_loss": 69.52494812011719, "shaping_weight": 1.0, "average_step_rewards": 1.149841070175171, "eval_average_episode_rewards": 7.013698630136986, "eval_win_rate": 0.0, "_runtime": 2630.237584590912, "_step": 158100}