{"incre_win_rate": 0.9818181818181818, "_timestamp": 1717092071.9929628, "value_loss": 0.01784418970346451, "policy_loss": -6.619984791124504e-05, "dist_entropy": 0.10452610949675242, "actor_grad_norm": 0.6595109105110168, "critic_grad_norm": 0.12738744914531708, "ratio": 1.0000120401382446, "dead_ratio": 0.00990099009900991, "average_step_rewards": -0.11068493872880936, "eval_average_episode_rewards": 20.0, "eval_win_rate": 1.0, "_runtime": 36805.469017744064, "_step": 1999100, "_wandb": {"runtime": 36823}}