{"incre_win_rate": 1.0, "_timestamp": 1716383426.321974, "value_loss": 0.0016165932718043526, "policy_loss": -0.00012001666797634887, "dist_entropy": 0.1865298827489217, "actor_grad_norm": 0.6791722178459167, "critic_grad_norm": 0.04738810285925865, "ratio": 0.9999793171882629, "dead_ratio": 0.0033003300330033403, "average_step_rewards": 0.9863012433052063, "eval_average_episode_rewards": 20.0, "eval_win_rate": 1.0, "_runtime": 13571.68919301033, "_step": 999100, "_wandb": {"runtime": 13579}}