{"incre_win_rate": 0.0, "_timestamp": 1716991792.0517054, "value_loss": 0.014712449225286642, "policy_loss": -0.030753923413035976, "dist_entropy": 0.5412176807721456, "actor_grad_norm": 0.3849789798259735, "critic_grad_norm": 0.47714823484420776, "ratio": 1.0039247274398804, "dead_ratio": 0.2376237623762376, "average_step_rewards": -0.5873972773551941, "eval_average_episode_rewards": 3.6164383561643834, "eval_win_rate": 0.0, "_runtime": 804.6476004123688, "_step": 31000, "cluster_avg_value": 0.6356164216995239}