{"incre_win_rate": 0.0, "_timestamp": 1716359418.5146337, "value_loss": 0.15483568807442982, "policy_loss": -0.03499166155154375, "dist_entropy": 1.7264028549194337, "actor_grad_norm": 0.5273520946502686, "critic_grad_norm": 2.1898515224456787, "ratio": 0.9905502200126648, "dead_ratio": 0.2178217821782178, "average_step_rewards": -0.009999998845160007, "eval_average_episode_rewards": 0.3287671232876712, "eval_win_rate": 0.0, "_runtime": 15.201050758361816, "_step": 100}