{"incre_win_rate": 0.36585365853658536, "_timestamp": 1717157865.925317, "value_loss": 0.13829435457785924, "policy_loss": -0.025544144101287594, "dist_entropy": 0.32210735281308495, "actor_grad_norm": 0.3287234306335449, "critic_grad_norm": 1.0304087400436401, "ratio": 0.9929667115211487, "dead_ratio": 0.19471947194719474, "average_step_rewards": 0.4432876706123352, "eval_average_episode_rewards": 8.328767123287669, "eval_win_rate": 0.0, "_runtime": 414.1458320617676, "_step": 33100}