{"average_shape_value": 1.4000000000000001, "_timestamp": 1716644182.243378, "incre_win_rate": 0.02, "value_loss": 0.4160923381646474, "policy_loss": -0.026976340989671735, "dist_entropy": 0.45078649719556174, "actor_grad_norm": 0.2867357134819031, "critic_grad_norm": 1.3455874919891357, "ratio": 0.9938741326332092, "dead_ratio": 0.21122112211221122, "average_step_rewards": -1.4926027059555054, "eval_average_episode_rewards": 5.260273972602738, "eval_win_rate": 0.0, "_runtime": 588.6740028858185, "_step": 44600}